UTI Status,UTI History,Cohort Group,Patient ID,s__Abiotrophia_defectiva,s__Acidaminococcus_unclassified,s__Acinetobacter_baumannii,s__Acinetobacter_johnsonii,s__Acinetobacter_unclassified,s__Actinobaculum_massiliense,s__Actinobaculum_schaalii,s__Actinobaculum_unclassified,s__Actinomyces_europaeus,s__Actinomyces_graevenitzii,s__Actinomyces_johnsonii,s__Actinomyces_naeslundii,s__Actinomyces_neuii,s__Actinomyces_odontolyticus,s__Actinomyces_oris,s__Actinomyces_turicensis,s__Actinomyces_urogenitalis,s__Actinomyces_viscosus,s__Adlercreutzia_equolifaciens,s__Aerococcus_urinae,s__Aerococcus_viridans,s__Aggregatibacter_segnis,s__Aggregatibacter_unclassified,s__Agromyces_unclassified,s__Akkermansia_muciniphila,s__Alistipes_onderdonkii,s__Alistipes_putredinis,s__Alistipes_shahii,s__Alloprevotella_unclassified,s__Alloscardovia_omnicolens,s__Anaerococcus_hydrogenalis,s__Anaerococcus_lactolyticus,s__Anaerococcus_obesiensis,s__Anaerococcus_prevotii,s__Anaerococcus_sp_PH9,s__Anaerococcus_tetradius,s__Anaerococcus_vaginalis,s__Anaeroglobus_geminatus,s__Anaerostipes_hadrus,s__Anaerotruncus_unclassified,s__Atopobium_minutum,s__Atopobium_parvulum,s__Atopobium_rimae,s__Atopobium_vaginae,s__Bacillus_cereus_thuringiensis,s__Bacillus_subtilis,s__Bacteroides_caccae,s__Bacteroides_cellulosilyticus,s__Bacteroides_dorei,s__Bacteroides_fragilis,s__Bacteroides_intestinalis,s__Bacteroides_ovatus,s__Bacteroides_stercoris,s__Bacteroides_thetaiotaomicron,s__Bacteroides_uniformis,s__Bacteroides_vulgatus,s__Barnesiella_intestinihominis,s__Bifidobacterium_adolescentis,s__Bifidobacterium_bifidum,s__Bifidobacterium_breve,s__Bifidobacterium_dentium,s__Bifidobacterium_longum,s__Bifidobacterium_pseudocatenulatum,s__Bilophila_unclassified,s__Bilophila_wadsworthia,s__Blautia_hydrogenotrophica,s__Brevibacterium_massiliense,s__Brevibacterium_mcbrellneri,s__Burkholderia_unclassified,s__Burkholderiales_bacterium_1_1_47,s__Campylobacter_concisus,s__Campylobacter_gracilis,s__Campylobacter_hominis,s__Campylobacter_ureolyticus,s__candidate_division_TM7_single_cell_isolate_TM7c,s__Capnocytophaga_unclassified,s__Cellulophaga_unclassified,s__Citrobacter_koseri,s__Clostridiales_bacterium_BV3C26,s__Clostridium_bartlettii,s__Clostridium_citroniae,s__Clostridium_clostridioforme,s__Clostridium_nexile,s__Clostridium_perfringens,s__Clostridium_ramosum,s__Collinsella_aerofaciens,s__Collinsella_unclassified,s__Coprobacillus_unclassified,s__Coprococcus_comes,s__Coriobacteriaceae_bacterium_BV3Ac1,s__Corynebacterium_accolens,s__Corynebacterium_amycolatum,s__Corynebacterium_aurimucosum,s__Corynebacterium_durum,s__Corynebacterium_genitalium,s__Corynebacterium_glucuronolyticum,s__Corynebacterium_jeikeium,s__Corynebacterium_kroppenstedtii,s__Corynebacterium_massiliense,s__Corynebacterium_propinquum,s__Corynebacterium_pseudogenitalium,s__Corynebacterium_pyruviciproducens,s__Corynebacterium_sp_HFH0082,s__Corynebacterium_sp_KPL1859,s__Corynebacterium_striatum,s__Corynebacterium_tuberculostearicum,s__Corynebacterium_urealyticum,s__Delftia_acidovorans,s__Delftia_unclassified,s__Dermabacter_sp_HFH0086,s__Desulfovibrio_desulfuricans,s__Dialister_invisus,s__Dialister_micraerophilus,s__Dolosigranulum_pigrum,s__Dorea_formicigenerans,s__Dorea_longicatena,s__Dorea_unclassified,s__Eggerthella_lenta,s__Eggerthella_unclassified,s__Enterobacter_aerogenes,s__Enterococcus_avium,s__Enterococcus_faecalis,s__Enterococcus_faecium,s__Enterococcus_raffinosus,s__Erysipelotrichaceae_bacterium_3_1_53,s__Erysipelotrichaceae_bacterium_5_2_54FAA,s__Erysipelotrichaceae_bacterium_6_1_45,s__Escherichia_coli,s__Escherichia_unclassified,s__Eubacterium_brachy,s__Eubacterium_eligens,s__Eubacterium_hallii,s__Eubacterium_limosum,s__Eubacterium_rectale,s__Eubacterium_siraeum,s__Eubacterium_sp_3_1_31,s__Facklamia_hominis,s__Facklamia_ignava,s__Facklamia_languida,s__Facklamia_unclassified,s__Faecalibacterium_prausnitzii,s__Finegoldia_magna,s__Fretibacterium_fastidiosum,s__Fusobacterium_nucleatum,s__Fusobacterium_periodonticum,s__Gardnerella_vaginalis,s__Gemella_haemolysans,s__Gemella_morbillorum,s__Gemella_sanguinis,s__Gemella_unclassified,s__Geobacillus_unclassified,s__Gordonibacter_pamelaeae,s__Granulicatella_adiacens,s__Granulicatella_unclassified,s__Haemophilus_haemolyticus,s__Haemophilus_influenzae,s__Haemophilus_parainfluenzae,s__Helcococcus_kunzii,s__Jonquetella_anthropi,s__Jonquetella_unclassified,s__Klebsiella_oxytoca,s__Klebsiella_pneumoniae,s__Klebsiella_unclassified,s__Klebsiella_variicola,s__Kytococcus_sedentarius,s__Lachnospiraceae_bacterium_1_1_57FAA,s__Lachnospiraceae_bacterium_2_1_58FAA,s__Lachnospiraceae_bacterium_3_1_46FAA,s__Lachnospiraceae_bacterium_5_1_63FAA,s__Lachnospiraceae_bacterium_7_1_58FAA,s__Lachnospiraceae_bacterium_8_1_57FAA,s__Lactobacillus_acidophilus,s__Lactobacillus_animalis,s__Lactobacillus_brevis,s__Lactobacillus_casei_paracasei,s__Lactobacillus_coleohominis,s__Lactobacillus_crispatus,s__Lactobacillus_curvatus,s__Lactobacillus_delbrueckii,s__Lactobacillus_fermentum,s__Lactobacillus_gasseri,s__Lactobacillus_iners,s__Lactobacillus_jensenii,s__Lactobacillus_johnsonii,s__Lactobacillus_mucosae,s__Lactobacillus_oris,s__Lactobacillus_plantarum,s__Lactobacillus_reuteri,s__Lactobacillus_rhamnosus,s__Lactobacillus_sp_7_1_47FAA,s__Lactobacillus_vaginalis,s__Lactococcus_lactis,s__Lautropia_mirabilis,s__Leptotrichia_unclassified,s__Leptotrichia_wadei,s__Leuconostoc_lactis,s__Listeria_marthii,s__Listeria_monocytogenes,s__Listeria_unclassified,s__Marvinbryantia_formatexigens,s__Megasphaera_genomosp_type_1,s__Megasphaera_micronuciformis,s__Megasphaera_unclassified,s__Mobiluncus_curtisii,s__Mobiluncus_unclassified,s__Morganella_morganii,s__Neisseria_flavescens,s__Neisseria_meningitidis,s__Neisseria_sicca,s__Neisseria_subflava,s__Neisseria_unclassified,s__Nocardioides_unclassified,s__Odoribacter_unclassified,s__Oligella_urethralis,s__Olsenella_uli,s__Oribacterium_sinus,s__Oscillibacter_unclassified,s__Paenibacillus_polymyxa,s__Pantoea_unclassified,s__Parabacteroides_distasonis,s__Parabacteroides_merdae,s__Paracoccus_denitrificans,s__Paracoccus_unclassified,s__Paraprevotella_unclassified,s__Parvimonas_micra,s__Parvimonas_unclassified,s__Peptoniphilus_duerdenii,s__Peptoniphilus_harei,s__Peptoniphilus_lacrimalis,s__Peptoniphilus_rhinitidis,s__Peptoniphilus_sp_BV3AC2,s__Peptoniphilus_sp_oral_taxon_375,s__Peptoniphilus_sp_oral_taxon_836,s__Peptoniphilus_timonensis,s__Peptostreptococcaceae_noname_unclassified,s__Peptostreptococcus_anaerobius,s__Porphyromonas_asaccharolytica,s__Porphyromonas_bennonis,s__Porphyromonas_somerae,s__Porphyromonas_uenonis,s__Prevotella_bergensis,s__Prevotella_bivia,s__Prevotella_buccalis,s__Prevotella_denticola,s__Prevotella_disiens,s__Prevotella_histicola,s__Prevotella_melaninogenica,s__Prevotella_nanceiensis,s__Prevotella_oralis,s__Prevotella_pallens,s__Prevotella_salivae,s__Prevotella_timonensis,s__Propionibacterium_acnes,s__Propionibacterium_avidum,s__Propionibacterium_granulosum,s__Propionimicrobium_lymphophilum,s__Proteus_mirabilis,s__Pseudomonas_aeruginosa,s__Pseudomonas_unclassified,s__Pseudoramibacter_alactolyticus,s__Rhodopseudomonas_palustris,s__Rhodopseudomonas_unclassified,s__Riemerella_unclassified,s__Roseburia_intestinalis,s__Roseburia_unclassified,s__Roseomonas_unclassified,s__Rothia_aeria,s__Rothia_dentocariosa,s__Rothia_mucilaginosa,s__Rothia_unclassified,s__Ruminococcaceae_bacterium_D16,s__Ruminococcus_bromii,s__Ruminococcus_gnavus,s__Ruminococcus_lactaris,s__Ruminococcus_obeum,s__Ruminococcus_sp_5_1_39BFAA,s__Ruminococcus_torques,s__Salmonella_enterica,s__Salmonella_unclassified,s__Scardovia_unclassified,s__Scardovia_wiggsiae,s__Shigella_flexneri,s__Shuttleworthia_satelles,s__Slackia_exigua,s__Slackia_unclassified,s__Solobacterium_moorei,s__Staphylococcus_aureus,s__Staphylococcus_caprae_capitis,s__Staphylococcus_epidermidis,s__Staphylococcus_equorum,s__Staphylococcus_haemolyticus,s__Staphylococcus_hominis,s__Staphylococcus_lugdunensis,s__Staphylococcus_pasteuri,s__Staphylococcus_pettenkoferi,s__Staphylococcus_pseudintermedius,s__Staphylococcus_simulans,s__Staphylococcus_warneri,s__Stomatobaculum_longum,s__Streptococcus_agalactiae,s__Streptococcus_anginosus,s__Streptococcus_australis,s__Streptococcus_canis,s__Streptococcus_constellatus,s__Streptococcus_cristatus,s__Streptococcus_gordonii,s__Streptococcus_infantis,s__Streptococcus_intermedius,s__Streptococcus_mitis_oralis_pneumoniae,s__Streptococcus_mutans,s__Streptococcus_oligofermentans,s__Streptococcus_parasanguinis,s__Streptococcus_pasteurianus,s__Streptococcus_peroris,s__Streptococcus_salivarius,s__Streptococcus_sanguinis,s__Streptococcus_sp_BS35b,s__Streptococcus_thermophilus,s__Streptococcus_tigurinus,s__Streptococcus_vestibularis,s__Subdoligranulum_unclassified,s__Thiomonas_unclassified,s__Ureaplasma_parvum,s__Ureaplasma_unclassified,s__Ureaplasma_urealyticum,s__Varibaculum_cambriense,s__Veillonella_atypica,s__Veillonella_dispar,s__Veillonella_parvula,s__Veillonella_unclassified,s__Weissella_cibaria,s__Weissella_unclassified,g__Acidaminococcaceae_unclassified,g__Candidatus_Saccharibacteria_noname_unclassified,g__Clostridiales_Family_XIII_Incertae_Sedis_unclassified,g__Dermatophilaceae_unclassified,g__Geodermatophilaceae_unclassified,g__Leptotrichiaceae_unclassified,g__Propionibacteriaceae_unclassified,g__Rhodobiaceae_unclassified
UTI(-),0,1,C107,0,0,0,0,0,0,0,0,0,0,0,0,0,0,0,0,0,0,0,0,0,0,0,0,0,0,0,0,0,0,0,0,0,1128,0,0,0,0,0,0,0,0,0,0,0,0,0,0,0,0,0,0,0,0,0,0,0,0,0,0,0,0,0,0,0,0,0,0,0,0,0,0,0,0,0,0,0,0,0,0,0,0,0,0,0,0,0,0,0,0,0,0,0,0,0,0,0,0,0,0,0,673,0,0,0,0,0,0,0,0,0,0,0,0,0,0,0,0,0,0,0,0,0,0,0,0,0,0,0,0,0,0,0,0,0,0,613,0,0,0,0,700,0,0,0,0,0,0,0,0,0,0,0,0,0,0,0,0,0,0,0,0,0,0,0,0,0,0,0,0,0,0,0,0,0,0,22939389,0,0,0,324127,0,1200601,0,0,0,0,0,0,0,86433,0,0,0,0,0,0,0,0,0,0,0,0,0,0,0,0,0,0,0,0,0,0,0,0,0,0,0,0,0,0,0,0,0,0,0,0,0,0,0,0,0,0,0,0,0,0,0,0,0,0,0,0,0,0,0,0,0,0,0,0,0,0,0,0,0,0,0,4518,0,7248,0,0,0,0,0,0,0,0,0,0,0,0,0,0,0,0,0,0,0,0,0,0,0,0,0,0,0,15531,0,0,5292,5651,0,0,0,0,0,0,84,0,0,0,0,0,0,0,0,0,0,0,0,0,0,2016,0,0,0,0,0,0,0,0,0,0,0,574,0,0,663,0,0,0,0,0,0,0,0,0,0
UTI(-),0,1,C124,0,0,0,0,0,0,0,0,0,0,0,0,50917,0,0,0,0,0,0,0,0,0,0,0,0,0,0,0,0,0,25407,1260658,4272,3840,0,0,1151,0,0,0,0,0,0,6170,0,0,0,0,0,0,0,0,0,0,0,0,0,0,0,572,0,0,0,0,0,0,0,0,5878,0,0,0,0,0,0,0,0,0,0,0,0,0,0,0,0,0,0,0,0,0,762,0,0,0,0,0,0,0,0,0,0,272,0,0,0,0,0,59173,55136,0,0,8261,118840,0,0,0,0,0,0,0,0,187,0,0,0,0,0,2223,0,0,0,0,0,0,0,0,0,0,0,0,0,915031,0,0,0,0,0,0,0,0,0,0,0,0,0,0,0,0,0,0,0,0,0,0,0,0,0,0,0,0,0,0,0,0,0,0,0,0,0,0,0,0,0,0,0,0,0,0,861,0,0,0,0,0,0,0,0,0,0,0,0,0,0,0,0,0,0,0,0,0,0,1601,0,0,0,0,0,0,0,0,0,0,0,0,0,0,0,1272675,0,0,0,0,0,0,0,0,4296,346951,0,7099,0,83089,0,0,0,0,0,0,0,0,0,150255,31083,0,0,0,0,0,79898,0,0,0,0,0,0,0,0,293,4778,1388,0,0,0,0,2260,0,0,0,0,0,0,0,0,7960,26327,0,0,0,8063,0,0,0,0,0,0,0,0,0,0,357,684702,0,0,0,0,0,0,0,0,0,0,0,0,0,0,0,0,25658,0,0,0,0,0,0,0,1006118,0,0,76215,19138,0,0,0,0,0,4625,0,0,5143,0
UTI(-),0,1,C133,0,0,0,0,0,0,2041480,0,47454,0,0,0,304,0,0,0,0,0,0,283882,0,0,0,0,978,0,0,0,0,0,76183,13907,6773,147554,0,0,24622,0,0,0,0,0,0,0,0,0,0,0,0,0,0,0,0,0,0,0,0,3227,0,0,0,0,0,0,0,0,294075,0,0,0,0,0,0,412445,0,0,0,0,1948,0,0,0,1677,0,0,2078,0,0,0,0,0,1989,190768,0,0,0,0,0,0,0,875,0,0,0,0,0,424995,0,0,0,0,0,3055,0,0,255,1706,0,0,0,0,7748,0,0,0,0,0,0,0,0,0,0,0,758,0,0,500767,1347297,0,0,0,419660,0,0,0,0,0,0,0,0,223,0,0,0,0,0,0,0,0,0,0,0,0,0,0,0,0,0,0,0,0,0,0,0,0,0,0,0,0,0,0,0,0,0,0,0,0,0,0,0,0,0,0,0,0,6777,0,0,0,0,0,0,0,9697,0,0,0,0,0,0,0,0,0,3026,0,0,0,0,0,0,0,0,0,0,0,0,77479,986305,137524,150,105922,75399,0,740,0,0,15045,35730,102683,20027,10503,0,24760,0,0,0,0,0,0,0,0,554601,0,0,0,367707,0,0,0,0,0,0,2334,0,0,0,0,0,0,840,0,10195,0,0,0,0,0,0,0,0,0,0,0,0,0,0,0,0,3574,0,4416,0,152189,0,0,0,38828,23104,0,114513,1667466,0,0,0,0,0,0,0,0,3666,0,475,0,0,359,0,0,10714,0,10704,10969,0,0,0,0,397035,0,0,0,0,0,0,0,0,0,0,0,0,0,0
UTI(-),0,1,C147,0,0,0,0,0,0,0,0,0,0,0,0,0,0,0,0,0,0,0,0,0,0,0,0,0,0,0,0,0,0,0,0,0,1375,0,0,0,0,0,0,0,0,0,0,0,0,0,0,0,0,0,0,0,0,0,0,0,1865,0,0,0,0,0,0,0,0,0,0,0,0,0,0,0,0,0,0,0,0,0,0,0,0,0,0,0,4208,0,0,0,0,0,0,0,0,0,0,0,0,0,0,0,0,0,0,0,0,0,0,0,0,0,0,0,0,0,0,0,0,0,0,0,0,0,0,0,0,0,0,0,0,0,0,0,0,0,0,0,0,0,0,0,277,0,0,0,196891,0,0,0,0,0,0,0,0,0,0,0,0,0,0,0,0,0,0,0,0,0,0,0,0,0,0,0,0,0,0,21359015,0,0,0,6637,0,847769,0,0,0,0,0,0,0,105524,0,0,0,0,0,0,0,0,0,0,0,0,0,0,0,0,0,0,0,0,0,0,0,0,0,0,0,0,0,0,0,0,0,0,0,0,0,0,0,0,0,0,0,0,0,0,0,0,0,0,0,0,0,0,0,0,0,0,0,0,0,0,0,0,0,0,0,0,0,0,0,0,0,0,0,0,0,0,0,0,0,0,0,0,0,1320,0,0,0,0,0,0,0,0,0,0,0,231,0,0,0,0,0,0,0,0,0,0,0,0,0,0,0,0,0,0,0,0,0,0,0,0,0,575,0,0,0,0,0,0,0,0,0,0,0,0,0,0,0,0,0,0,0,0,0,0,0,0,0
UTI(-),0,1,C154,0,0,0,0,0,639,179,0,0,0,0,0,18141,0,0,0,0,0,0,1440,0,0,0,0,0,0,0,0,0,3830083,1650,1369,1099,8081,0,0,214,381,0,0,0,0,0,0,0,0,0,0,0,0,0,0,0,0,0,0,0,0,0,0,0,0,0,0,0,0,0,0,0,0,0,0,14987,472,0,0,0,0,0,0,0,0,0,0,0,0,0,0,0,75,0,0,0,0,0,0,0,0,0,0,190,3316,0,0,0,1258,0,5736,6133,0,0,0,2757,0,0,0,0,0,0,0,0,0,0,0,0,0,0,190,0,0,0,0,0,0,0,0,2793,393,0,0,0,74408,0,0,0,20442392,0,0,0,0,0,0,0,0,0,0,0,0,0,0,0,0,0,0,0,0,0,0,0,0,0,0,0,0,0,0,0,0,0,0,0,0,0,0,0,0,0,0,0,0,0,0,0,0,0,0,0,0,0,0,0,0,0,0,0,0,0,0,0,0,0,0,0,0,0,0,0,0,0,0,0,0,0,0,0,0,0,33318,11421,2309,0,0,0,0,0,3721,20,1214,238,837,0,6220,2261,0,516,0,0,0,0,0,0,17958,4098,3745,202,0,0,0,2126,0,417,0,0,0,0,0,0,0,0,0,0,0,0,0,0,0,0,0,0,0,0,0,0,0,0,0,0,0,18641,0,0,0,0,0,0,0,0,0,0,0,17581,0,0,0,0,0,0,0,0,0,0,0,0,0,0,0,0,0,0,0,1341,738,0,0,0,8192,0,0,0,0,0,0,0,0,0,0,0,0,8398,0
UTI(-),0,1,C163,0,0,0,0,0,7102,0,0,0,0,0,0,1308,0,0,170,0,0,0,0,0,0,0,0,0,0,0,0,0,2534,1562,0,281,202,0,0,0,0,0,0,0,0,0,0,0,0,0,0,0,0,0,0,0,0,0,0,0,0,0,0,0,0,0,0,0,0,0,0,0,0,0,0,0,0,0,0,652,0,0,0,0,0,0,0,0,0,0,0,0,0,0,0,2007,0,0,0,0,0,0,0,2192,13,0,4977,113229,571,0,0,0,0,0,0,58,0,0,0,0,0,0,0,0,137,0,0,0,0,0,0,0,0,0,0,0,0,0,0,0,0,0,0,0,22397,0,0,0,2623,0,0,0,0,0,0,0,0,0,0,0,0,0,0,0,0,0,0,0,0,0,0,0,0,0,0,0,0,0,0,0,0,0,0,0,9019,0,0,0,0,0,0,0,0,0,0,0,0,0,0,0,0,0,0,0,0,0,0,0,0,0,0,0,0,0,0,0,0,0,0,0,0,0,0,0,0,0,0,0,0,0,9669,0,0,0,0,0,0,570,0,0,0,0,0,0,621,0,0,50,0,0,0,0,0,0,1593,112,184,0,1165,0,0,1345,0,0,0,0,0,0,0,0,0,0,0,0,0,0,0,0,0,0,0,0,0,0,0,0,0,0,0,3743,0,6831,0,19260,0,0,0,0,0,0,0,0,201642,28268,0,0,0,0,0,0,0,0,0,0,0,0,0,0,0,0,0,0,0,0,0,0,0,3909,3997,0,0,0,0,0,0,0,0,0,0,0,0,0,0
UTI(-),0,1,C165,0,0,0,0,1643,3700,2877,0,732,0,0,0,9239,0,0,0,0,0,0,1280,0,0,0,0,0,0,0,0,0,0,0,0,0,637,0,0,27,0,0,0,0,655,3377,0,0,0,0,0,0,0,0,0,0,0,0,0,0,0,0,178752,11176,0,0,3109,0,0,0,0,0,0,0,1453,0,0,0,0,0,0,0,0,0,0,0,0,0,0,0,0,0,3677,0,0,0,0,0,0,0,0,0,0,838,7496,0,0,0,2112,0,12750,16309,0,595,292,0,0,0,0,0,0,0,0,0,6271,0,0,0,0,0,0,1937,0,0,0,0,0,0,0,9330,0,0,0,0,843,0,10404,0,0,0,0,0,0,0,0,0,0,0,0,0,0,0,0,0,0,0,0,812,0,0,0,0,0,0,0,0,0,0,0,20515657,0,0,0,9750,0,0,0,0,0,0,0,0,0,140680,0,0,0,0,0,0,0,0,0,0,1800,0,4717,0,0,0,0,0,0,0,0,0,0,0,0,0,0,0,0,0,0,0,0,8399,38150,0,1919,19068,0,0,0,0,0,0,0,0,1174,0,0,0,0,0,0,0,0,0,0,0,0,0,4776,15497,0,0,0,0,0,19141,0,0,0,0,0,0,0,0,0,0,0,0,0,0,0,0,0,0,0,0,0,0,0,0,0,0,0,0,0,3713,0,3463,0,0,0,0,0,0,0,0,0,0,0,0,0,0,0,0,0,0,0,0,0,0,0,0,0,0,0,0,0,0,0,0,0,0,19369,0,0,0,0,0,0,0,0,0,1210,0,0,0,0
UTI(-),0,1,C167,0,0,0,0,0,242,0,0,0,0,0,0,4098,0,0,0,0,0,0,0,0,0,0,1185,0,0,0,0,0,0,0,0,0,24392,0,0,0,0,0,0,0,0,0,0,0,0,0,0,0,0,0,0,0,0,0,0,0,0,0,0,0,0,0,0,0,0,0,0,0,0,0,0,0,0,0,0,0,0,0,0,0,0,0,0,0,0,0,0,0,0,0,0,0,0,0,0,0,298903,0,0,685,340,0,0,0,4747,0,3491,4089,0,0,0,0,0,0,0,0,0,0,0,0,90,0,0,0,0,0,0,0,0,0,0,0,0,0,0,12648,9154,0,0,0,7790,0,0,0,0,0,0,0,0,0,0,0,0,0,0,0,0,0,0,0,0,0,0,0,0,0,0,0,0,0,0,0,0,0,0,4493291,0,0,0,419,0,70569,0,0,0,0,0,0,0,0,0,0,0,0,0,0,0,0,0,0,0,0,0,0,0,0,0,0,0,0,0,0,0,0,0,0,0,0,0,0,0,0,0,0,0,0,2070,0,0,0,0,0,0,0,0,0,0,0,0,0,0,0,0,0,0,0,0,0,0,0,1151,12014,2558,0,0,0,0,14737,0,0,0,0,0,0,0,0,0,0,0,0,0,0,0,0,0,0,0,0,0,0,0,0,0,0,0,0,0,26118,0,0,3560,0,0,0,0,0,22431,0,0,0,0,0,0,0,0,0,0,0,0,0,0,0,0,0,0,0,0,0,0,0,0,0,0,0,216,6841,0,0,0,0,0,0,0,0,0,0,0,3714,0
UTI(-),0,1,C173,0,0,0,0,0,17533,0,0,0,0,0,0,12510,0,0,231,0,0,0,3613,0,0,0,0,0,0,0,0,0,641056,27189,1613,1174,16653,0,0,617,0,0,0,0,0,0,0,0,0,0,0,0,0,0,0,0,0,0,0,0,0,23805,0,24902,0,0,0,0,0,0,0,0,0,0,0,0,0,0,0,0,0,0,0,0,0,0,0,0,0,0,0,0,0,0,0,34779,0,0,0,0,0,0,0,9506,54067,0,0,0,113,0,0,0,0,0,0,0,0,0,0,0,0,0,0,0,0,0,0,0,0,0,0,0,0,0,0,0,0,0,0,8383,0,0,0,0,93104,0,0,0,0,0,0,0,0,0,0,0,0,0,0,0,0,0,0,0,0,0,0,0,0,0,0,0,0,0,0,0,0,0,0,0,0,0,0,16860224,0,0,0,0,0,0,0,0,0,652390,0,0,0,0,0,0,0,0,0,0,0,0,0,0,0,0,0,0,0,0,0,0,0,0,0,0,0,0,0,0,0,0,0,0,0,0,25849,293,0,0,0,0,0,0,0,0,0,0,0,0,3969,0,0,0,0,0,0,0,0,0,1716,0,0,0,3856,0,0,0,0,0,0,0,0,0,0,0,0,0,0,0,0,0,0,0,0,0,0,0,0,0,0,0,0,0,0,0,0,5347,0,0,12520,1273,0,0,0,0,0,0,169140,17264,0,0,0,0,0,0,0,0,0,0,0,0,0,0,0,0,0,0,0,0,0,0,0,0,2437,0,0,0,0,0,0,0,0,0,0,0,0,0,0
UTI(-),0,1,C176,0,182,0,0,0,0,3089,594,17560,0,0,0,32975,0,0,0,0,0,0,0,0,0,0,0,273,0,0,0,0,0,80,0,0,166822,0,0,113,0,0,0,0,0,0,0,0,0,0,0,0,0,0,0,0,0,0,0,0,0,0,0,0,27018391,0,0,0,0,0,0,0,0,0,0,0,0,0,0,0,0,0,0,0,0,0,0,0,8920,0,0,0,0,0,0,401,0,0,0,0,0,0,0,1410,131647,1444619,0,233,3209,150682,4651,6666,0,0,0,0,0,0,0,0,0,0,0,0,0,0,0,0,0,0,0,1082,0,0,0,0,1584,0,0,14748,103579,0,0,0,204914,0,0,0,0,0,0,0,0,0,0,0,0,0,0,0,0,0,0,0,0,0,0,0,0,0,0,0,0,776,0,0,0,0,0,0,0,0,0,0,0,0,0,0,0,0,0,0,0,0,0,0,0,0,0,0,0,0,0,0,0,0,0,0,0,0,0,0,0,0,0,0,0,0,0,0,0,0,0,0,0,0,0,0,0,0,20077,0,0,0,0,0,0,0,0,0,0,0,0,0,4924296,0,0,0,0,0,0,0,0,0,0,186,0,0,0,0,0,3879,0,0,0,0,0,0,0,0,0,0,0,0,0,0,0,0,0,0,0,0,0,0,0,0,0,0,0,0,0,3122,0,0,0,0,0,0,0,1355617,0,0,0,0,0,0,0,0,0,0,0,3744,0,0,3682,0,0,0,0,0,1384,0,0,1632,0,0,0,0,0,0,0,0,0,0,0,25,0,0,0,0,0,0,2593
UTI(-),0,1,C186,0,0,0,0,0,0,0,0,0,0,0,0,0,0,0,19235,0,0,0,0,0,0,0,0,0,0,0,0,0,0,0,0,0,3376,0,0,0,0,0,0,0,0,0,1825280,0,0,0,0,0,0,0,0,0,0,0,0,0,0,0,3684,0,0,0,0,0,0,0,0,1448,0,0,0,0,0,0,0,1588,0,0,0,0,0,0,0,0,1232,0,0,0,0,0,0,6204,0,0,0,0,16903,0,0,3501,100938,0,0,0,3745,0,9873,7274,0,0,0,821,0,0,0,0,0,0,0,0,72901,0,0,0,0,0,0,0,0,0,0,0,0,0,0,11640,0,0,0,0,165040,0,730,0,19186823,0,0,0,0,0,0,0,0,0,0,1617,0,0,0,0,0,0,0,0,0,0,0,0,0,0,0,0,0,0,0,0,0,0,0,0,661459,0,0,0,0,0,0,0,0,0,0,0,0,0,0,0,0,0,0,33959,0,154737,0,0,0,0,0,0,0,0,0,0,0,0,0,0,0,0,0,0,0,0,0,0,0,0,46739,0,0,0,0,0,0,0,0,0,0,0,0,0,0,0,0,0,0,2269,0,0,0,0,0,7039,1499,0,27994,0,0,11471,0,0,0,0,0,0,0,0,0,0,0,0,0,0,0,0,0,0,0,0,0,0,0,0,0,0,0,9747,0,55280,0,14202,6086,1009,0,0,0,0,0,0,0,6065,0,0,0,0,0,0,0,0,0,0,0,0,0,0,0,0,0,0,0,1380,0,10990,1260,0,3280,64147,0,0,17393,0,0,0,0,0,0,0,0,73267,0
UTI(-),0,1,C188,0,0,0,0,0,167318,353292,0,3696,0,0,0,136745,0,0,0,0,0,0,5041,0,0,0,0,0,0,0,0,457,0,9382,4582,33899,90374,0,0,4263,0,0,0,0,0,0,0,0,0,0,0,0,0,0,0,0,0,0,0,0,0,0,0,0,0,0,0,0,0,8142,0,0,0,0,0,0,183282,0,0,0,0,0,0,0,0,0,0,0,0,0,0,0,0,0,0,207524,0,0,0,87874,0,0,0,3598,56140,0,0,6115,24886,0,1998,3726,0,0,0,19334,0,0,0,0,0,0,0,0,33197,0,0,0,0,0,0,1442,0,0,0,0,0,0,0,105175,73370,2141,0,0,1183832,0,4346,0,0,0,0,0,0,0,0,0,0,0,0,0,0,0,0,0,0,0,0,0,0,0,0,0,0,0,0,0,0,0,0,0,0,0,0,0,0,0,0,0,0,0,0,0,0,0,0,0,0,0,0,0,0,0,0,0,0,0,134110,0,0,0,0,0,0,0,0,0,0,0,0,0,0,0,0,0,0,0,0,0,0,0,836438,157181,0,0,0,0,0,0,0,6827,13301,3615,0,877,179367,2668,0,0,0,0,0,0,0,0,81841,1657,22494,0,2017931,0,0,0,0,533,0,1199,0,0,0,0,0,0,0,0,0,0,0,0,0,0,0,0,0,0,0,0,0,0,0,0,0,1903,0,391300,480,46055,0,0,0,0,0,0,0,484982,0,0,0,0,0,2754,0,0,0,0,0,0,0,0,0,0,0,0,0,0,0,0,0,0,174256,0,0,17434,0,0,0,0,0,0,0,0,0,0,0
UTI(-),0,1,C190,0,0,0,0,0,3278,11648,0,0,0,0,0,0,0,0,0,0,0,0,0,0,0,0,0,0,0,0,0,0,0,0,0,258,9441,0,0,2436,0,0,0,0,0,0,0,0,0,0,0,0,0,0,0,0,0,0,0,0,0,0,0,0,0,0,0,0,0,0,0,0,0,0,0,0,4280,0,0,0,0,0,0,0,0,0,0,0,0,0,0,0,0,0,169,3514,0,0,0,0,0,2606,0,110,3044,0,0,0,0,0,0,0,0,0,0,0,0,0,0,0,0,0,0,0,0,0,0,0,0,0,0,0,0,0,0,0,0,0,0,3996,4043,0,0,0,13950,0,0,0,0,0,0,0,0,0,0,0,0,0,0,0,0,0,0,0,0,0,0,0,0,0,0,0,0,0,0,0,0,0,0,0,0,0,0,0,0,0,0,0,0,0,0,0,0,0,0,0,0,0,0,0,0,0,0,0,0,0,1053,0,0,0,0,0,0,0,0,0,0,0,0,0,0,0,0,0,0,0,0,0,0,0,13034,0,0,0,0,0,0,0,0,0,0,0,0,0,0,917,0,0,0,0,0,0,0,0,1242,0,0,0,21502,0,0,0,0,0,0,0,0,0,0,0,0,0,0,0,0,0,0,0,0,0,0,0,0,0,0,0,0,0,0,0,0,0,0,5015,0,0,0,0,0,0,0,0,0,12715,0,0,0,0,0,3467,0,0,0,0,0,0,0,0,0,0,0,0,0,0,0,0,0,0,13960,0,0,0,0,0,0,0,0,0,0,0,0,0,0
UTI(-),0,1,C193,0,0,0,0,0,0,21,0,1,0,0,0,0,0,0,0,0,0,0,0,0,0,0,0,0,0,0,0,0,0,0,0,0,5,0,0,0,0,0,0,0,0,0,31,0,0,0,0,0,0,0,0,0,0,0,0,0,0,0,0,0,0,0,0,0,0,21,0,0,0,0,0,0,10,0,0,0,0,0,0,0,0,0,0,0,0,0,0,0,0,0,0,1,0,0,0,0,0,0,0,0,4,0,0,0,4,0,3,9,0,0,0,0,0,0,0,0,0,0,0,0,55,0,0,0,0,0,76,0,0,0,0,0,0,0,0,3,0,0,0,0,402,0,0,0,106,0,0,0,0,0,0,0,0,0,0,0,0,0,0,0,0,4,0,0,0,0,0,0,0,0,0,0,0,0,0,0,0,0,0,0,0,0,0,0,0,0,0,0,0,0,0,0,0,0,0,0,0,0,0,0,0,0,18,0,0,0,0,0,0,0,0,0,0,0,0,0,0,0,0,0,0,0,0,0,0,0,168,57,0,0,0,0,0,0,0,0,7,0,0,0,0,43,0,0,0,0,0,0,0,0,0,0,1,0,20,0,0,29,1,0,0,0,0,0,0,0,0,0,0,0,0,0,0,0,0,0,0,0,0,0,0,0,0,0,0,0,0,114,0,0,28,0,0,0,0,0,0,0,0,0,0,0,0,0,0,0,0,0,0,0,0,0,0,0,0,0,0,0,0,0,0,0,0,0,87,3,0,0,0,0,0,0,0,0,0,0,0,0,0
UTI(-),0,1,C196,0,0,0,0,0,0,0,0,0,0,0,0,12843,0,0,0,0,0,0,0,0,0,0,0,0,0,0,0,0,0,0,0,0,1959,0,0,0,0,0,0,0,0,0,0,0,0,0,0,0,0,0,0,0,0,0,0,0,0,0,0,0,11849,0,0,0,0,0,0,0,0,0,0,0,0,0,0,0,0,0,0,0,0,0,0,0,0,0,0,0,424,0,0,0,0,0,0,0,0,0,0,0,0,0,0,0,0,0,0,0,0,0,0,90,0,0,0,0,0,0,0,0,21353,0,0,0,0,0,0,0,0,0,0,0,0,0,0,0,0,0,0,0,10482,0,0,0,0,0,0,0,0,0,0,0,0,0,0,0,0,0,0,0,0,0,0,0,0,0,0,0,0,0,0,0,0,0,0,0,0,0,0,29833036,0,0,0,0,0,0,0,0,0,361979,0,0,0,0,0,0,0,0,0,0,0,0,0,0,0,0,0,0,0,0,0,0,0,0,0,0,0,0,0,0,0,0,0,0,0,0,1205,0,0,0,0,0,0,0,0,0,0,0,0,0,0,0,0,0,0,0,0,0,0,0,0,0,0,0,0,0,0,0,0,0,0,0,0,0,0,0,0,0,0,0,0,0,0,0,0,0,0,0,0,0,0,0,0,0,0,0,0,5461,0,39249,0,0,0,0,0,0,0,0,0,0,0,0,0,0,0,0,0,0,0,0,0,0,0,0,0,0,0,0,0,0,0,0,0,0,2950,0,0,0,0,0,0,0,0,0,0,0,0,984,0
UTI(-),0,1,C198,0,0,0,0,0,0,0,0,0,0,0,0,0,0,0,0,0,0,0,0,0,0,0,0,0,0,0,0,0,0,0,0,0,782,0,0,0,0,0,0,0,0,0,0,0,0,0,0,0,0,0,0,0,0,0,0,0,0,0,0,0,0,0,0,0,0,0,0,0,0,0,0,0,0,0,0,0,0,0,0,0,0,0,0,0,0,0,0,0,0,0,0,0,0,0,0,0,0,0,0,0,0,0,0,0,0,0,0,0,0,0,0,0,0,0,0,0,0,0,0,0,1424,0,0,0,0,0,0,0,0,0,0,0,0,0,0,0,0,0,1171,0,771,0,0,0,0,0,0,0,0,0,0,0,0,0,0,0,0,0,0,0,0,0,0,0,0,0,0,0,0,0,0,0,0,0,0,52431555,0,0,0,0,0,172800,0,0,0,0,0,0,0,0,0,0,0,0,0,0,0,0,0,0,0,0,0,0,0,0,0,0,0,0,0,0,0,0,0,0,0,0,0,0,0,0,0,0,0,0,39,0,0,0,0,0,0,0,0,0,0,0,0,0,0,0,0,0,0,0,0,0,0,0,0,0,0,0,0,0,0,3310,0,0,0,0,0,0,0,0,0,0,0,0,0,0,0,0,0,0,0,0,0,0,0,0,0,0,0,0,0,0,0,0,0,0,231,0,0,0,3935,0,0,0,0,0,0,0,0,0,0,0,0,0,0,0,0,0,0,0,0,0,0,0,0,0,0,0,0,0,0,0,0,0,0,0,0,0,0,0,0,0,0
UTI(-),0,1,C23,0,0,0,0,0,0,103651,0,37910,0,0,0,208547,0,0,0,0,0,0,93892,0,0,0,0,0,0,0,0,0,0,21729,24955,30527,2077779,0,0,35212,0,0,0,0,0,0,0,0,0,0,0,0,0,0,0,0,0,0,0,0,0,0,0,0,0,0,0,0,0,0,0,0,0,0,0,0,1343871,0,0,0,0,0,0,0,0,0,0,0,0,0,0,0,0,0,0,584485,0,0,0,0,0,0,0,67708,160941,0,0,0,18893,0,5155,3995,0,0,0,0,0,0,0,0,0,0,0,0,147731,0,0,0,0,0,0,6222,0,0,0,0,0,0,0,2925512,2421510,0,0,0,1908547,0,0,0,0,0,0,0,0,0,0,0,0,0,0,0,0,0,0,0,0,0,0,0,0,0,0,0,0,0,0,0,0,0,0,0,0,0,0,0,0,0,0,0,0,0,0,0,0,0,0,0,0,0,0,0,0,0,0,0,0,0,54994,0,0,0,0,0,0,0,0,0,0,0,0,0,0,0,0,0,0,0,0,0,0,22354,1724375,89103,0,0,127608,0,0,0,0,0,0,21781,0,0,0,0,0,0,0,0,0,0,0,0,932,0,0,0,311411,0,0,35751,0,0,0,0,0,0,0,0,0,0,0,0,0,0,0,0,0,0,0,0,0,0,0,0,0,0,0,0,0,24932,0,1290134,5004,0,0,2010,0,179173,0,0,0,0,0,0,0,0,0,683681,0,1011327,0,0,0,0,0,0,0,0,0,0,0,0,0,0,0,0,413302,0,0,0,0,0,0,0,0,0,0,0,0,0,0
UTI(-),0,1,C29,0,0,0,0,0,240,0,0,0,0,0,0,4719,0,0,0,0,0,0,0,0,0,0,0,0,0,0,0,0,6306,0,0,0,0,0,0,0,0,0,0,0,0,0,0,0,0,0,0,0,0,0,0,0,0,0,0,0,0,0,0,13148519,2006,0,0,0,0,0,0,0,0,0,0,0,0,0,0,0,0,0,0,0,0,0,0,0,0,0,0,0,0,0,0,0,0,0,0,0,419,0,0,0,0,0,0,0,0,0,0,0,0,0,0,0,0,0,0,0,0,0,0,0,433,0,0,0,0,0,0,0,0,0,0,0,0,0,0,0,0,0,0,0,4001,0,0,0,0,0,0,0,0,0,0,0,0,0,0,0,0,0,0,0,0,0,0,0,0,0,0,0,0,0,0,0,0,0,0,0,0,0,0,7049186,0,0,0,0,0,0,0,0,0,0,0,0,0,0,0,0,0,0,0,0,0,0,0,0,0,0,0,0,0,0,0,0,0,0,0,0,0,0,0,0,0,0,0,0,0,0,447,0,0,0,0,0,0,0,0,0,0,0,0,0,0,0,0,948,0,0,0,0,0,0,1560,0,0,0,0,0,0,0,0,1061,1416,0,0,0,0,0,0,0,0,0,0,0,0,0,0,0,0,0,0,0,0,0,0,0,0,0,0,0,0,0,0,0,0,0,0,0,0,0,0,0,0,0,0,0,0,0,0,0,0,0,0,0,0,0,0,0,0,0,0,0,0,0,0,0,868,0,0,0,0,0,0,0,0,0,0,0,0,0,0
UTI(-),0,1,C45,0,0,0,0,0,0,432074,0,0,0,0,0,301801,0,0,0,0,0,0,15326,0,0,0,0,0,0,0,0,0,0,0,0,0,1034,0,0,0,0,0,0,0,119,0,0,0,0,0,0,0,0,0,0,0,0,0,0,0,0,0,0,0,6967381,0,0,0,0,0,0,0,0,0,0,0,0,0,0,0,0,0,0,0,0,0,0,0,0,0,0,0,359,0,0,0,0,0,0,0,913,0,0,0,356229,0,0,0,1272,0,2727,3424,0,0,0,10150,0,0,0,0,0,0,0,0,0,0,0,0,0,0,351,0,0,0,0,0,0,0,0,4556,0,0,317,0,87420,0,0,0,0,0,0,0,0,0,0,0,0,0,0,0,0,0,0,0,0,0,0,0,0,0,0,0,0,0,0,0,0,0,0,0,0,0,0,0,0,0,0,0,0,0,0,0,0,0,0,0,0,0,0,0,0,0,0,0,0,0,0,0,0,0,0,0,0,0,0,0,0,0,0,0,0,0,0,0,0,0,0,0,0,0,25898,1221,0,0,0,0,0,0,0,0,833,0,0,0,0,4542,0,0,0,0,0,0,0,0,1013,354,42,0,2021,0,0,4134,0,0,0,0,0,0,0,0,0,0,0,0,0,0,0,0,0,0,0,0,0,35815,0,0,0,258,0,0,0,356,0,18559,0,0,0,0,0,0,0,0,0,1158360,0,0,0,0,0,0,91,0,0,0,0,0,0,0,0,0,0,0,0,0,0,0,0,0,15496,0,0,1841,396,0,0,0,0,0,0,0,0,2317,0
UTI(-),0,1,C85,0,0,0,0,0,12244,0,0,0,0,0,0,96,0,0,0,0,0,0,0,0,0,0,0,0,0,0,0,0,0,0,579,0,0,0,0,0,0,0,0,0,0,0,0,0,0,0,0,0,0,0,0,0,0,0,0,0,0,0,0,0,19890976,0,0,0,0,0,0,0,0,0,0,0,0,0,0,0,0,0,0,0,0,0,0,0,0,0,0,0,0,0,0,0,0,0,0,0,0,0,0,36,0,0,0,0,1043,0,0,90,0,0,0,0,0,0,0,0,0,0,0,0,121247,0,32684,0,0,0,0,573,0,0,0,0,0,0,0,0,0,0,0,0,0,0,0,0,0,0,0,0,0,0,0,0,0,0,0,30560,0,0,0,0,1578,462,0,0,0,0,0,0,0,0,0,0,0,0,0,0,0,0,0,0,0,0,0,0,0,0,0,0,0,0,0,0,0,0,0,0,0,0,0,0,0,0,0,0,0,0,0,0,0,0,0,0,0,0,0,0,0,0,0,0,0,0,0,0,0,0,0,0,0,0,0,0,0,0,0,0,0,0,0,0,0,0,0,0,0,0,0,0,0,0,0,0,82,0,14508,3596,0,0,0,0,0,0,0,0,0,0,0,0,0,0,0,0,0,0,0,0,0,0,0,0,0,0,0,0,0,0,0,44014,0,0,15712,0,0,0,0,0,0,0,0,0,0,0,0,0,0,0,0,0,0,0,0,0,0,0,0,0,0,0,0,0,0,0,0,0,6614,146472,0,0,0,0,0,0,0,0,0,0,0,0,0
UTI(-),0,1,C61,0,0,0,0,0,0,0,0,0,0,0,0,250,0,0,0,0,0,2039,0,0,0,0,0,1738,280,4698,5517,0,0,939,1710,6611,121925,0,0,3852,0,130,0,0,0,0,0,0,0,1167,1432,10636,0,0,1327,0,2379,10961,3704,4946,0,0,0,0,30605,10077,1257,0,298,0,0,0,0,0,0,1370,0,0,0,0,0,0,75,0,0,0,0,0,21632,0,0,1395,0,0,0,0,0,0,0,0,0,0,0,218,11380,0,0,0,5767,0,0,0,0,0,0,0,0,0,268,844,0,1523,0,0,334572,0,0,696,0,348,0,0,0,8667,0,749,0,13766,0,16849,2504,0,0,13704,296501,0,0,0,0,0,0,0,0,0,0,0,0,0,0,0,0,0,0,0,0,0,0,0,0,481,3075,5630,18,0,0,0,0,0,0,0,0,0,0,0,22033009,0,0,0,0,0,0,0,0,0,348,0,0,0,0,0,0,0,0,0,0,0,0,0,0,0,0,0,0,0,0,0,0,0,0,533,0,0,3100,523,0,0,0,0,0,0,619,0,0,0,0,0,0,779,0,155,7122,16301,0,0,0,1430,0,170,0,0,0,0,0,0,0,25,0,0,0,0,0,0,0,0,0,0,38,3238,0,0,0,0,0,0,0,338,0,16639,0,18552,0,0,0,0,0,0,0,0,0,0,0,297077,0,1355,0,358,0,0,0,0,0,0,0,0,0,0,0,0,0,0,0,0,0,0,0,0,0,1355,0,0,2229,0,0,19701,0,1580949,0,0,0,0,0,0,0,0,0,0,0,0,0,0,0,1129,0
UTI(-),0,1,C63,0,0,491,0,415,0,923,0,682,0,0,0,147768,0,0,0,0,0,0,742,0,0,0,0,0,0,0,0,0,0,1338,0,871,636,0,0,2289,0,0,0,0,0,0,0,0,0,0,0,0,0,0,0,0,0,0,0,0,0,0,0,0,0,0,0,0,0,0,0,0,0,0,0,0,0,0,0,0,0,0,0,0,0,0,0,0,0,0,0,0,0,0,0,0,0,0,0,0,0,1140,0,1981,226671,0,0,288,1663,0,8176,8722,0,0,0,0,0,0,0,0,0,108,0,0,74516,0,0,0,0,0,1032,0,0,0,0,0,0,0,0,0,0,0,0,0,520338,0,0,0,0,0,0,0,0,0,0,0,0,0,0,0,0,0,0,0,378,0,0,0,0,0,0,0,0,0,0,0,0,0,0,0,0,0,0,0,90,0,0,0,0,0,0,0,0,0,0,0,0,0,0,0,0,0,0,0,0,0,32325,15141,0,0,0,0,0,0,0,0,0,0,0,0,0,0,0,0,0,0,0,0,0,0,20297,0,0,0,0,0,0,0,0,0,2519,35657,0,0,0,0,0,0,0,0,0,0,0,0,0,1214,277,0,0,0,0,13266,0,1184,0,0,0,0,376,0,0,0,0,0,0,0,0,0,0,0,0,0,0,0,0,0,0,0,0,0,0,62643,0,831,0,0,0,0,0,0,0,0,118,940,0,0,1476,0,0,0,661,0,0,0,0,0,0,0,338,0,0,0,0,255,0,0,0,0,74240,0,0,0,0,0,0,0,0,0,0,0,0,0,0
UTI(-),0,1,C73,0,0,0,0,0,0,0,0,0,0,0,0,784,0,0,0,0,0,0,0,0,0,0,0,0,0,0,0,0,3631,0,0,0,0,0,0,0,0,0,0,0,0,0,0,0,0,0,0,0,0,0,0,0,0,0,0,0,0,0,0,0,0,0,0,0,0,0,0,0,0,0,0,0,0,0,0,0,0,0,0,0,0,0,0,0,0,0,0,0,0,0,0,0,0,0,0,0,0,0,0,0,0,0,0,0,0,0,0,0,0,0,0,0,0,0,0,0,0,0,0,0,0,0,0,0,0,0,0,0,0,0,0,0,0,0,0,0,0,0,0,0,1424,0,0,0,0,0,0,0,0,0,0,0,0,0,0,0,0,0,0,0,0,0,0,0,0,0,0,0,0,0,0,0,0,0,0,0,0,0,0,6221102,0,0,0,0,0,11452,0,0,0,0,0,0,0,0,0,0,0,0,0,0,0,0,0,0,0,0,0,0,0,0,0,0,0,0,0,0,0,0,0,0,0,0,0,0,0,0,0,0,0,0,0,0,0,0,0,0,0,0,0,0,0,0,0,0,0,0,0,0,0,0,0,0,0,0,0,0,0,0,0,316,0,0,0,0,0,0,0,0,0,0,0,0,0,0,0,0,0,0,0,0,0,0,0,0,0,0,0,342,0,3668,0,0,308,0,0,0,667,0,0,640,0,0,0,0,0,0,0,0,0,0,0,0,0,0,0,0,0,0,0,0,0,371700,0,0,0,0,0,0,0,0,0,0,0,0,0,0,0,0,0
UTI(-),0,1,C81,0,0,0,0,0,618533,159826,0,34426,0,0,0,41359,0,0,153283,6063,0,0,49782,0,0,0,0,0,0,0,0,0,0,36182,7939,33463,15989,0,0,5902,0,0,0,0,0,0,0,0,0,0,0,0,0,0,0,0,0,0,0,0,0,0,1532932,0,0,0,4196,0,0,144584,0,0,0,0,0,28967,307471,0,0,0,0,15537,0,0,0,0,0,0,0,0,0,0,35337,0,0,11022,0,0,59763,0,0,0,0,8685,185389,0,0,116027,4701,0,0,0,25997,0,0,97786,0,0,0,0,0,0,0,0,0,0,0,0,0,0,0,1530,0,0,0,0,0,0,0,70768,16439,0,0,0,1856085,0,11534,0,450305,0,0,0,0,0,0,0,0,0,0,0,0,47397,874,0,0,0,0,0,0,0,0,0,0,0,0,0,0,0,0,0,0,0,0,0,0,0,0,0,0,0,0,0,0,0,0,0,0,0,0,0,0,0,0,0,0,0,68847,0,0,0,0,0,0,0,0,0,0,0,0,0,0,0,0,0,0,0,0,0,0,4680,942913,603546,0,120638,0,0,0,0,200367,14747,15031,7579,35832,60432,1535446,332356,0,0,0,0,0,0,0,0,1285022,396,1054,0,868942,0,0,0,0,7039,0,0,0,0,0,0,0,0,0,0,0,0,0,0,0,0,0,0,0,0,0,0,1622,2895,0,0,0,2886,0,32126,0,0,0,0,0,0,0,0,0,4493347,0,0,0,0,0,0,0,0,0,0,0,0,0,0,0,0,0,0,0,0,0,0,0,0,540367,0,0,27706,0,0,0,0,0,832,0,0,0,0,0
UTI(-),0,1,C86,0,0,0,0,0,130094,3231,0,1882,842,0,0,86475,0,0,42426,0,722,26209,0,0,0,0,0,1864,5303,26361,852,0,0,66281,2134,80743,209922,0,0,22742,0,13832,0,0,0,0,0,0,0,0,60575,0,14070,0,0,0,0,44149,16685,0,0,0,0,0,0,0,0,0,0,0,0,5498,2597,0,0,0,0,0,0,0,0,0,0,0,0,0,0,0,265727,0,0,0,0,0,0,57774,0,0,0,0,0,0,0,9824,101204,0,0,1850,16174,0,9412,5216,0,3495,0,2431,0,0,279,0,0,9678,0,0,5006,0,0,0,0,0,21809,11132,0,34565,49740,0,6984,0,12880,24751,0,0,0,135060,1098856,0,9221,0,0,0,1247,0,0,0,130,0,0,5545,6107,0,0,0,0,0,5690,0,0,0,0,0,13930,19159,0,19274,0,0,0,4943,0,0,82872,0,0,0,0,0,0,0,0,0,0,10967,0,0,11991,0,0,0,0,0,0,0,2761,0,0,0,5700,0,0,0,0,0,0,0,0,5622,0,0,0,218,0,0,0,0,0,0,0,801,7620,4222,239946,12207,0,0,0,0,15319,42231,0,1963,29714,0,0,0,0,931,0,0,0,0,0,0,0,0,46985,9575,0,0,13408,0,0,12455,0,0,0,0,0,17539,0,0,0,6774,974,7532,292071,0,19147,72714,420651,89267,0,0,0,0,0,0,0,0,0,0,0,59986,0,30729,0,1228,0,0,0,0,0,0,0,1343545,0,0,0,0,0,2812,0,54660,0,0,1493,0,0,13599,0,0,354488,0,164143,314542,0,0,0,0,166083,0,0,29201,0,0,0,0,0,3581,0,0,0,5549,0
UTI(-),1,2,C102,0,0,0,0,0,0,1692,665,1345,0,0,0,50983,0,0,945,0,0,0,1154,835,0,0,0,0,0,0,0,0,0,1648,877,2977,44632,0,7,968,0,0,0,0,0,0,0,0,0,0,0,0,0,0,0,0,0,111,0,0,0,0,0,0,0,0,0,0,0,86599,0,363,0,0,0,0,50033,0,0,0,0,0,0,0,0,0,0,0,0,0,0,0,0,0,0,378401,0,0,0,0,0,0,0,3664,0,36944,0,0,855,0,889,950,0,0,0,513,0,0,0,0,0,52,0,0,12384,0,0,0,0,0,2605,1059,0,0,0,0,0,0,0,37276,77243,0,0,0,397775,0,11656,0,0,0,10039,0,0,0,0,0,0,0,0,25341,1508,0,0,0,249,1547,0,0,0,0,0,0,0,0,0,0,0,0,0,701,0,0,0,0,533,0,0,0,0,0,0,0,0,0,0,0,0,0,0,0,0,0,0,0,0,0,512,0,1199,0,0,0,0,0,0,0,0,0,0,0,426,0,0,0,0,0,0,0,0,268,50945,19295,0,0,0,0,309,0,17942,286,394,0,0,0,2563,4817,0,0,0,0,0,0,0,0,1030,383,302,0,0,0,258,3032,0,0,0,0,0,0,0,0,0,0,0,0,0,0,0,0,0,0,0,0,0,0,0,0,0,0,261,0,0,21264,0,84218,614,0,0,0,0,0,0,0,420,903571,0,0,0,0,1368,0,0,1955,0,0,0,0,0,0,0,2258,800,0,0,0,0,0,0,0,34856,0,0,1587,376,0,0,0,0,63,0,0,1739,5202,0
UTI(-),1,2,C128,0,0,0,0,0,0,0,0,11073,0,0,0,72637,0,0,0,0,0,509,0,0,0,0,0,0,0,1364,0,0,0,102799,5321,5741,147652,0,0,23442,0,0,0,0,926,0,0,0,0,64,0,0,0,0,0,0,0,1169,0,0,0,0,0,0,184,0,0,0,586,0,0,0,0,0,6413,0,0,0,0,0,0,0,820,0,0,0,0,0,0,0,0,0,0,0,5413,283154,0,0,0,0,0,0,0,478440,281250,0,0,180998,39850,0,7639,7215,32547,0,81279,5755,0,0,0,548,0,53,0,0,0,0,0,0,0,0,304,615,0,0,0,0,67,608,0,367511,341818,272,0,378,447458,0,0,0,0,0,0,0,0,0,0,0,0,0,0,0,0,0,0,0,0,0,0,0,502,0,0,0,0,1321,0,0,0,0,0,2453966,0,0,0,7034,1761719,3904,0,0,0,0,0,0,0,10002,0,0,0,0,0,0,0,0,0,0,0,0,0,0,0,0,0,0,0,0,0,0,0,4166,0,0,0,0,0,18,0,0,0,0,0,0,26647,0,0,0,39412,0,0,0,0,0,31915,8070,0,0,95949,0,0,0,0,0,0,0,0,0,0,5996,0,0,0,0,0,13207,0,0,0,0,0,18,0,0,49,986,0,0,7342,184,0,0,0,562,0,0,0,0,0,0,0,0,0,0,0,358911,0,5162,747550,0,0,0,0,0,0,0,0,32,0,0,92,0,0,0,42,0,0,0,2487,0,0,10719,0,0,0,0,283,1215,0,0,0,0,312963,0,0,0,0,0,0,0,0,0,0,0,0,2042,0
UTI(-),1,2,C145,0,0,0,0,0,0,6541,0,0,0,0,0,314645,0,0,57963,0,0,0,0,0,0,0,0,0,0,0,0,0,3136,0,81744,90,269,0,0,0,0,0,0,0,616573,663011,0,0,0,0,0,0,0,262,0,0,0,565,269,0,0,0,64318035,384272,0,0,0,0,0,0,0,0,0,0,0,0,4708,0,0,0,0,76,0,0,0,0,0,0,296,0,0,0,0,0,0,0,0,0,0,0,0,0,0,0,3102,0,0,0,0,0,0,0,0,0,979,19790,0,0,0,0,0,0,0,0,0,0,0,0,0,0,0,0,0,0,0,0,358,0,0,400,689,0,0,0,13786,0,0,0,0,0,0,0,0,0,0,0,0,0,0,0,0,0,0,0,0,0,0,0,0,0,0,0,0,0,0,0,3240,0,0,0,0,0,0,0,0,650032,0,11801,0,0,0,50484,0,0,0,0,0,0,0,0,0,0,0,0,0,0,2330,669,0,0,0,0,0,0,0,0,0,0,0,0,0,0,0,0,0,0,0,0,0,0,35423,1385,0,0,0,0,0,0,0,1062,1723,1427,145,0,269,0,784997,0,0,0,0,0,0,0,124791,0,0,0,5673,0,0,0,0,0,0,0,0,0,0,0,0,0,0,0,0,0,0,0,0,0,0,0,0,0,0,0,0,0,0,0,0,0,0,0,0,0,0,0,0,0,0,0,16095,194066,0,0,0,0,0,0,0,0,0,0,28,0,0,862,0,0,0,0,0,296,0,0,0,0,26290,0,0,0,0,0,0,0,0,0,0,0,0,0,0
UTI(-),1,2,C153,0,0,0,0,0,56621,1979,0,0,0,0,0,0,0,0,35364,0,0,0,0,0,0,0,0,0,0,0,0,0,0,0,2075,5462,551,0,0,15451,0,0,0,0,0,0,0,0,0,0,0,0,0,0,0,0,0,0,0,0,0,0,0,0,0,0,0,0,0,12852,0,0,0,0,0,0,0,0,0,0,0,0,0,0,0,0,0,0,0,0,0,0,5519,0,0,0,0,0,0,0,0,0,0,0,0,0,0,207355,0,0,0,0,0,0,0,0,0,0,0,0,0,0,0,0,0,0,0,0,0,0,0,0,0,0,0,0,0,0,0,0,0,0,0,0,36112,0,0,0,0,0,0,0,0,0,0,0,0,0,0,0,0,0,0,0,0,0,0,0,0,0,0,0,0,0,0,0,0,0,0,0,0,0,0,0,0,0,0,0,0,0,0,0,0,0,0,0,0,0,0,0,0,0,0,0,0,0,0,0,0,0,0,0,0,0,0,0,0,0,0,0,0,0,0,0,0,0,0,0,0,0,42303,9285,0,0,0,0,0,0,0,0,0,2873,0,400,0,2895,0,0,0,0,0,0,0,0,114216,0,0,0,7123,0,0,0,0,0,0,0,0,0,0,0,0,0,0,0,0,0,0,0,0,0,0,0,0,0,0,0,0,0,0,0,0,0,0,0,0,0,0,0,0,0,0,0,12540,0,0,0,0,0,0,0,0,0,0,0,0,0,0,0,0,0,0,0,0,0,0,0,0,0,10755,0,0,0,0,0,0,0,0,0,0,0,0,0,0
UTI(-),1,2,C155,0,0,0,0,0,75157,85609,0,8857,0,0,0,70910,0,0,0,0,0,0,15600,0,0,0,0,0,0,0,0,0,43781,4964,0,2607,19120,0,0,12257,6169,108,0,0,0,0,870500,0,0,0,0,0,0,0,0,0,0,0,0,0,119,0,0,0,3562,0,0,0,0,65,0,1101,0,0,0,0,129000,0,0,0,0,0,0,0,0,0,0,0,0,0,0,0,0,0,0,5264,0,2318,0,0,0,0,0,2303,107147,0,0,0,4471,0,0,193,0,0,1305,22250,0,0,0,0,0,920,0,0,0,0,0,0,0,0,3142,331,0,0,616,0,0,0,0,56469,9335,0,0,0,484809,0,36144,0,22659912,0,0,0,0,0,0,0,0,0,0,0,0,0,0,0,0,0,0,0,0,0,0,1787,0,0,0,0,0,0,0,0,0,0,0,936800,0,0,0,0,0,0,0,0,0,2923,0,0,0,0,0,0,0,0,0,0,0,0,39987,3396,0,0,0,0,0,0,0,0,0,0,0,0,0,0,0,0,0,0,0,0,0,60932,463818,259753,847,0,0,0,0,0,0,6450,9596,0,3520,10956,13035,76902,0,0,0,0,0,0,0,0,169973,0,4552,0,148093,0,0,0,0,0,0,0,0,0,0,0,0,0,0,0,0,0,0,951,0,0,0,0,0,0,0,0,300,5353,0,0,0,9847,0,127,3747,4432,0,2426,0,0,0,0,0,278383,0,0,0,0,0,0,0,0,0,0,0,0,0,0,0,0,0,0,0,0,0,0,0,0,134110,0,0,0,0,0,0,0,0,0,0,0,0,0,0
UTI(-),1,2,C156,0,0,0,0,0,0,0,0,0,0,0,0,2002,0,0,0,0,0,0,0,0,0,0,0,0,0,0,0,0,0,0,0,0,0,0,0,0,0,0,0,0,0,0,0,0,0,0,0,0,0,0,0,0,0,0,0,0,0,0,0,0,0,0,0,0,0,0,0,0,0,0,0,0,0,0,0,0,0,0,0,0,0,0,0,235,0,0,4336,0,0,0,0,0,0,0,0,0,0,0,0,0,0,0,0,539,0,0,0,2925,0,0,0,0,0,0,0,0,0,0,0,0,0,0,0,0,0,0,0,0,0,0,0,0,0,0,0,0,0,0,0,0,8209,0,0,0,0,0,0,0,0,0,0,0,0,0,0,0,0,0,0,0,0,0,0,0,0,0,0,0,0,0,0,0,0,0,0,0,0,0,0,0,0,0,0,0,0,0,0,0,0,0,0,0,0,0,0,0,0,0,0,0,0,0,0,0,0,0,0,0,0,0,0,0,0,0,0,0,0,0,0,0,0,0,0,0,0,0,0,249,0,0,0,0,0,0,0,0,0,0,0,0,0,0,0,0,0,0,9775,0,0,0,0,1061,0,0,0,0,0,4482,0,0,0,0,0,0,1136,0,0,0,0,0,0,0,0,0,0,0,0,0,0,0,0,0,0,0,0,0,0,0,0,85647,0,0,0,0,0,0,0,0,0,0,0,0,0,0,0,0,0,0,0,0,0,0,0,0,0,0,0,0,0,3773,0,0,0,0,188,0,0,0,0,0,0,0,0,0,0,0,0,4072,0
UTI(-),1,2,C160,0,0,0,0,0,1738,0,0,3639,0,0,0,15880,0,0,11105,0,0,0,0,0,0,0,0,0,0,0,0,0,0,36480,509,21263,19712,0,0,88997,0,0,1095,0,0,0,0,0,0,0,0,3005,1777,0,0,0,0,883,0,0,0,0,0,0,0,0,0,0,0,0,0,0,0,0,0,0,52863,0,0,0,6637,0,0,0,0,0,0,0,8101,0,0,0,0,0,0,0,0,0,0,0,0,0,0,2692,0,0,0,0,10628,0,1651,4088,0,0,0,0,0,0,0,513,0,1753,0,0,1655241,0,0,0,0,0,169250,0,0,0,0,0,0,0,0,4265,13332,0,0,55,1178735,0,0,0,0,0,0,0,0,0,0,0,0,0,0,0,0,0,0,0,0,0,0,0,478,0,0,0,0,2245,0,0,0,0,0,0,0,2387778,0,817733,0,0,0,0,0,0,83024,0,0,0,0,0,0,0,0,0,0,0,0,0,0,0,0,0,0,0,0,0,0,0,0,0,0,0,0,0,0,0,0,0,0,0,0,0,0,0,321103,8311,175,0,0,0,0,0,14758,17270,1244,0,0,0,0,5781,0,0,0,0,0,0,0,0,0,68,0,0,0,0,0,11166,0,0,0,0,0,0,0,0,0,0,0,0,0,0,0,764,0,3811,0,0,0,0,0,0,0,0,0,7571,0,205045,0,131613,0,3752,0,0,0,85430,0,0,0,15295,0,0,0,0,0,0,0,0,0,0,0,0,0,0,0,0,0,1361,0,11162,0,0,0,0,2001,0,0,0,0,0,0,0,0,0,0,0,0,3129,0
UTI(-),1,2,C161,0,0,0,0,0,0,0,0,12274,0,0,0,135931,0,0,0,0,0,0,8297,0,0,0,0,0,0,0,0,0,0,1149355,9262,1826,1096387,0,0,547,0,0,0,0,192,0,0,0,0,0,0,0,0,0,0,0,0,0,0,0,0,0,38235171,3539576,52,0,0,0,0,0,0,0,0,0,0,0,55985,0,0,0,0,0,0,0,0,0,0,0,0,0,0,0,0,0,471,0,0,0,0,0,0,0,0,38025,12663,0,0,0,3925,0,0,0,0,0,0,0,0,0,0,0,0,0,0,0,327668,0,0,0,0,0,0,0,0,0,0,0,0,0,0,964514,31740,0,0,0,737276,0,0,0,0,0,0,0,0,0,0,0,0,0,0,0,0,0,0,0,0,0,0,0,0,0,0,0,0,0,0,0,0,0,0,0,0,0,0,30188,0,4455285,0,0,0,0,0,0,0,0,0,0,0,0,0,0,0,0,0,0,1884,0,7559,0,0,0,0,0,0,0,0,0,0,0,0,0,0,0,0,0,0,0,0,0,0,0,42351,30903,0,0,47008,0,0,0,0,0,9082,0,0,0,0,14187,0,0,579605,0,0,0,0,0,85946,2012,0,645,0,0,0,0,0,0,0,1959,0,0,0,0,0,0,0,0,0,0,0,0,0,0,0,0,0,0,0,0,0,0,0,0,0,38601,0,17361,81184,0,0,5000,0,0,442,0,0,0,0,0,0,0,0,0,0,234721,0,0,0,0,0,0,0,0,0,0,0,0,0,0,0,0,51956,0,0,0,0,0,0,0,0,0,0,0,0,0,0
UTI(-),1,2,C162,0,0,0,0,0,3303,93402,0,11404,0,0,0,7745,0,0,0,0,0,0,3080,0,0,0,0,0,0,0,0,0,0,0,63222,0,21371,0,0,899,0,0,0,0,0,0,0,0,0,0,0,0,0,0,0,0,0,0,0,0,0,0,0,0,0,0,0,0,0,0,0,0,0,0,0,0,419249,0,0,0,0,0,0,0,0,0,0,0,0,0,0,0,0,4810,0,1999,0,0,0,0,0,0,9614,2865,22636,0,0,0,957,0,0,0,0,0,3996,0,2798,0,0,0,0,0,0,0,100332,0,0,0,0,0,0,0,0,0,0,0,0,0,0,225825,49235,0,0,0,749274,0,133406,0,0,0,0,0,0,0,0,0,0,0,0,0,0,0,0,0,0,0,0,0,0,0,0,0,0,0,0,0,0,0,0,0,0,0,0,0,0,0,0,0,0,0,0,0,0,0,0,0,0,0,0,0,0,0,0,0,0,0,67366,0,0,0,0,0,0,0,0,0,0,0,0,0,0,0,0,0,0,0,0,0,0,14043,823813,34636,9297,86116,0,0,0,0,0,3164,7685,5381,22852,0,0,5730,0,0,0,0,0,0,0,0,42142,432,4844,0,158810,0,0,0,0,0,0,0,0,0,0,0,0,0,0,0,0,0,0,0,0,0,0,0,0,0,0,0,0,698,0,0,0,25659,0,529,188,0,0,0,0,50192,0,0,0,1679016,0,0,0,0,0,0,48901,0,0,0,0,0,0,0,0,0,0,0,0,0,0,0,0,0,219083,0,0,251,0,0,0,0,0,0,0,0,0,0,0
UTI(-),1,2,C166,0,0,0,0,0,0,156396,0,19839,0,0,0,193270,0,0,0,0,0,0,38995,0,0,0,0,0,0,0,0,0,0,1627722,13437,2792,1509418,0,0,9889,0,0,0,0,268,0,0,0,0,0,0,0,0,0,0,0,0,0,0,0,0,0,54069731,5002504,73,0,0,0,0,0,0,0,0,0,0,0,134326,0,0,0,0,0,0,0,0,0,0,0,0,0,0,0,0,0,0,0,0,0,0,0,0,0,0,54933,17900,0,0,0,5548,0,0,0,0,0,0,0,0,0,0,0,0,0,0,0,463104,0,0,0,0,0,34782629,2735810,0,0,0,0,0,0,0,1437878,45702,0,0,0,1061289,0,1561,0,0,0,0,0,0,0,0,0,0,0,0,0,0,0,0,0,0,0,0,0,0,0,0,0,0,0,0,0,0,0,0,0,0,0,0,42666,0,6296680,0,0,0,0,0,0,0,0,0,0,0,0,0,0,0,0,0,0,2658,0,10682,0,0,0,0,0,0,0,0,0,0,0,0,0,0,23461,0,0,0,0,0,0,0,0,197525,43678,0,0,66443,0,378,0,0,0,12840,70516,0,0,0,20046,0,0,819159,0,0,0,0,0,121461,2987,0,915,496551,0,0,0,0,0,0,3304,0,0,0,0,0,0,0,0,0,0,0,0,0,0,0,0,0,0,0,0,0,0,0,0,0,54603,0,24534,114791,0,0,7060,0,0,622,0,0,0,0,0,0,0,0,0,0,331729,0,0,0,13584,0,0,0,0,0,0,0,0,0,0,0,0,74113,0,0,0,0,0,0,0,0,0,0,0,0,0,0
UTI(-),1,2,C17,0,0,0,0,0,0,1230038,0,65389,0,0,0,270166,0,0,0,0,0,0,7565,0,0,0,0,0,0,0,0,0,1269885,802,25596,2538,19278,0,0,15092,0,0,0,0,0,0,0,0,0,0,0,0,0,0,0,0,0,0,0,0,0,0,1905,0,0,0,0,0,0,0,0,0,0,0,0,0,240645,0,0,0,0,0,0,0,0,0,0,0,0,0,0,0,0,0,411,0,0,0,0,0,0,0,0,3128,674968,0,0,0,3901,0,9852,14173,0,0,0,0,0,0,0,0,0,0,0,0,16445,0,0,0,0,0,0,4728,0,0,0,0,0,0,0,915405,709492,0,0,0,1078169,0,0,0,0,0,0,0,0,0,0,0,0,0,0,0,0,0,0,0,12704289,64282,0,0,0,0,0,0,0,0,0,0,0,0,0,0,0,0,0,5748,18845498,0,0,0,0,0,0,2407,0,0,0,0,0,0,0,0,0,0,0,0,0,0,39880,2441,0,0,0,0,0,0,0,0,0,0,0,0,0,0,0,0,0,0,0,0,0,0,1123686,399397,0,0,0,0,0,0,0,1677,56727,5124,4786,0,339891,24523,0,0,0,0,0,0,0,0,0,3500,0,0,4110293,0,0,33963,0,18770,0,0,0,0,0,0,0,0,0,0,0,0,0,0,0,0,0,0,0,0,0,0,1605,11829,0,0,0,34930,0,23150,0,0,827,0,0,0,0,0,0,0,0,0,0,0,0,0,0,0,0,0,0,0,0,1677,0,0,0,0,0,0,0,0,0,0,1385006,0,0,0,0,0,0,0,0,0,0,0,0,0,0
UTI(-),1,2,C194,0,0,0,0,0,0,2533,0,0,0,0,0,0,0,0,0,0,0,0,8423,0,0,0,0,0,0,0,0,0,0,0,0,0,0,0,0,0,0,0,0,0,0,0,0,0,0,0,0,0,0,0,0,0,0,0,0,0,0,0,759553,9600,2490,0,0,0,0,0,0,0,0,0,0,0,909,0,0,0,0,0,0,0,0,0,0,0,0,0,0,0,0,0,0,415,0,0,0,0,0,0,0,0,18593,0,0,0,0,0,0,947,0,0,0,285,0,0,0,0,0,0,0,0,594110,0,0,0,0,0,0,819,0,0,0,0,0,0,0,1382,2342,0,0,0,2389,0,0,0,0,0,0,0,0,0,0,0,0,0,0,0,0,0,0,0,0,0,0,0,0,0,0,0,0,0,0,0,0,0,0,0,0,0,0,0,0,0,0,0,0,0,0,0,0,0,0,0,0,0,0,0,0,0,0,0,0,0,0,0,0,0,0,0,0,0,0,0,0,0,0,0,0,0,0,0,0,0,0,0,0,0,0,0,0,0,0,0,0,0,0,0,0,0,0,0,0,0,0,0,0,0,0,0,0,0,0,0,0,0,0,0,0,5882,0,0,0,0,0,0,0,0,0,0,0,0,0,0,0,58,0,0,0,0,0,0,0,0,0,0,0,0,0,0,0,0,0,0,0,0,0,2821,0,0,13500282,0,0,0,0,0,0,0,0,0,0,0,0,0,0,109,0,0,0,0,0,0,0,0,0,0,0,686,0,0,318,0,0,0,0,0,0,0,0,1684,0
UTI(-),1,2,C197,0,0,0,0,0,0,11772,0,463,0,0,0,4272,0,0,0,0,0,0,0,1647,0,0,0,0,0,0,0,0,0,34544,535,830,5636,0,0,0,0,0,0,0,0,0,4688523,0,0,0,0,0,0,0,0,0,0,0,0,0,0,0,0,0,0,0,0,0,0,137939,0,0,0,0,0,105,2421,0,0,0,0,0,0,0,0,0,0,0,0,0,0,0,0,0,0,157791,0,5423,0,0,0,0,0,3054,0,42874,0,236,5279,0,0,0,0,0,0,0,0,0,0,0,0,0,0,0,0,0,0,0,0,0,0,0,0,0,0,0,0,0,0,16250,211791,0,0,0,36099,0,1358,0,26656719,0,0,0,0,0,0,0,0,0,0,0,0,0,0,0,0,0,0,0,0,0,0,0,0,0,0,0,0,0,0,0,0,0,0,0,0,0,0,0,0,0,0,8763,0,0,0,0,0,0,0,0,0,0,0,0,0,0,768,0,0,0,0,0,0,0,0,0,0,0,0,0,0,0,0,0,0,0,0,0,0,0,39619,5295,0,0,0,0,0,0,0,0,1217,0,0,0,5479,659,0,0,0,0,0,0,0,0,3681,850,0,0,11781,0,0,0,0,0,0,0,0,0,0,0,0,0,0,0,0,0,0,0,0,0,0,0,0,0,0,0,0,0,0,0,0,4035,0,125,0,978,0,0,0,0,5328,0,0,147555,0,0,0,0,0,0,0,0,0,0,0,0,0,0,0,0,0,0,0,0,0,228500,381,0,15820,0,0,0,0,0,0,0,0,0,0,0,0,0,0
UTI(-),1,2,C33,0,0,0,1190,4556,0,55563,0,0,0,0,0,641989,0,0,0,0,0,0,19674,0,0,0,0,0,0,0,0,0,0,3290,0,463,95850,0,0,0,0,0,0,0,0,0,0,0,0,0,0,0,0,0,0,0,0,0,0,0,0,0,0,0,0,0,0,0,0,481353,0,17251,0,0,0,0,0,0,0,0,0,0,0,0,0,0,0,0,0,0,0,0,0,0,9201,0,0,0,1362628,0,0,0,0,0,0,0,0,17584,10973,0,114744,72196,0,0,85273,0,0,0,0,0,0,0,0,0,1067975,0,106803,0,0,0,6796,6804,0,0,0,0,2190,0,0,0,0,1265613,0,0,2732791,0,70218,0,0,0,0,0,0,0,0,0,0,0,0,0,0,0,0,0,0,0,0,0,0,0,0,0,0,0,0,0,0,0,0,0,0,0,0,0,0,0,0,0,0,0,0,0,0,0,0,0,0,0,0,0,0,0,0,0,0,0,0,0,0,0,0,0,0,0,0,0,0,0,0,0,0,0,0,0,0,0,0,0,0,0,67646,0,0,0,0,0,0,0,0,3310,0,0,1699,0,0,7288,0,0,0,0,0,0,0,0,817754,50036,0,0,1803676,0,0,185620,0,0,0,0,0,0,0,0,0,0,0,0,0,0,0,0,0,0,0,0,0,0,0,0,0,0,0,0,0,51773,0,0,0,6499,0,0,0,0,3920,0,0,0,0,0,0,8704,0,0,0,0,0,4353,5209317,0,0,6142,0,0,0,0,0,22615,0,0,0,0,433212,0,30422,35626,71185,0,0,0,0,7627,0,0,0,0,0
UTI(-),1,2,C39,0,0,0,0,0,14593,3437,0,0,0,0,0,81322,0,0,10023,0,0,0,0,0,0,0,0,0,0,0,0,0,0,273611,0,2095,78505,0,0,0,0,0,0,0,0,0,159093,0,0,0,0,0,0,0,0,0,0,0,0,0,0,0,0,0,0,0,0,0,0,0,0,0,0,0,0,0,0,0,0,0,0,0,0,0,0,0,0,0,0,0,0,0,0,0,277,0,0,0,0,0,0,0,0,19433,5157,0,0,0,8104,0,0,0,0,0,0,0,0,0,0,0,0,0,0,0,10536,0,0,0,0,0,24290,651,0,0,0,0,0,0,0,9803,0,0,0,0,434237,0,0,0,2323041,0,0,0,0,0,0,0,0,0,0,0,0,0,0,0,6049,0,0,0,0,0,0,0,0,0,0,0,0,0,6600,0,0,0,0,236388,0,0,0,0,0,0,0,0,0,0,0,0,0,0,0,0,0,0,0,0,0,0,0,0,0,0,0,0,0,0,0,0,0,0,0,0,0,0,0,0,0,0,0,0,0,0,153104,0,107,0,0,0,0,0,0,0,0,0,0,0,117754,0,0,0,0,0,0,0,0,0,0,122,836,0,0,0,0,0,0,0,0,0,0,0,0,0,0,0,0,0,0,0,0,0,0,0,0,0,0,0,0,0,0,0,0,0,0,32139,0,9601,16065,0,0,0,0,0,0,0,0,0,0,0,0,0,0,0,0,30506,0,0,0,0,0,0,0,0,0,0,0,0,0,0,0,0,3258,9780,916,838,5555,0,0,0,0,0,0,0,0,1892,0
UTI(-),1,2,C49,0,0,0,0,0,65562,238887,0,75288,0,0,0,1082591,0,0,194038,0,0,0,95270,0,0,0,0,0,0,0,0,0,603875,6334,16367,118311,59673,0,0,21164,0,0,0,0,0,0,1251,0,0,0,0,0,2008,0,0,0,0,0,0,0,0,0,0,0,0,0,0,0,0,3051,1715,0,0,0,0,0,251811,0,0,0,0,0,0,0,0,0,0,0,0,0,0,0,786,0,283,40713,0,0,10868,0,0,0,0,86592,0,190680,0,0,45015,0,4693,3358,31718,0,0,18370,0,0,0,0,0,0,0,2144,182018,0,0,0,0,0,11084,5346,0,0,0,0,0,0,0,2794657,2797571,0,0,0,3298079,0,94054,0,12589,0,0,0,0,0,0,0,0,0,0,0,0,0,0,1384,15919,0,0,0,0,0,0,0,0,0,0,0,0,0,0,0,0,0,0,0,0,0,0,0,0,0,0,0,0,0,0,0,0,0,0,0,0,0,0,0,0,0,0,0,0,0,0,0,0,0,0,0,0,0,0,0,0,0,0,0,495,4699,0,0,0,0,2052838,0,861,0,0,0,0,0,0,0,5588,12254,0,178,1568292,3909,0,0,0,0,0,0,0,0,0,5469,69532,0,548392,167918,0,11803,0,0,0,0,0,0,0,0,0,0,0,0,0,0,0,0,0,0,0,0,0,0,0,0,0,0,0,0,0,679076,0,1818523,55850,4312,295,0,0,0,0,0,0,0,0,0,0,0,0,0,0,0,0,0,0,0,0,0,0,0,0,0,0,0,0,0,0,0,275363,0,0,0,0,0,0,0,0,0,0,0,0,0,0
UTI(-),1,2,C51,0,0,0,0,0,86608,0,0,3968,0,0,0,53169,0,0,0,0,0,0,0,0,0,0,0,835,0,0,0,0,0,239739,0,2962,25553,0,0,2561,0,0,0,0,0,0,0,0,0,0,0,0,0,0,0,0,0,0,0,0,0,0,0,0,0,0,0,0,0,0,0,0,0,0,0,0,8328,0,0,0,0,0,0,0,0,0,0,0,0,0,0,0,0,0,0,0,0,0,0,0,0,0,0,1299,156135,0,0,0,771,0,0,2215,0,0,0,0,0,0,0,0,0,0,0,0,24971,0,0,0,0,0,2221,0,0,0,0,0,0,0,0,87206,0,0,0,0,157825,0,0,0,0,0,0,0,0,0,0,0,0,0,0,0,0,0,0,0,0,0,0,0,0,0,0,0,0,0,0,0,0,0,0,0,0,0,0,0,2904635,0,0,0,0,0,0,0,0,0,0,0,0,0,0,0,0,0,0,0,0,0,0,0,0,0,0,0,0,0,0,0,0,0,0,0,0,0,0,0,0,0,0,0,0,0,14582,0,0,0,0,0,0,0,0,0,0,0,0,0,0,0,0,0,0,0,0,0,0,0,0,0,0,0,0,0,0,0,0,0,0,0,0,0,0,0,0,0,0,0,0,0,0,0,0,0,0,0,0,0,0,0,0,0,0,0,0,20150,0,0,64344,0,0,0,0,0,0,0,0,0,0,0,0,0,0,0,0,0,0,0,0,0,0,0,0,0,0,0,0,0,0,0,0,0,36626,0,0,0,0,0,0,0,0,0,0,0,0,0,0
UTI(-),1,2,C57,0,0,8763,0,0,0,7785582,0,0,0,0,0,1004791,0,0,0,0,0,0,112213,0,0,0,0,0,0,0,0,0,3075651,32926,177327,12286,327090,0,0,19974,0,0,0,0,0,0,0,0,0,0,0,0,0,0,0,0,0,0,0,0,0,0,0,6521217,10425692,0,0,0,0,0,0,0,0,0,0,0,70516,0,0,0,0,0,0,0,0,0,0,0,0,0,0,0,0,0,674,0,0,0,0,0,0,0,0,61834,477494,0,0,0,7160,0,653,507,0,0,0,128194,0,0,0,0,779,20688,0,0,0,0,0,0,0,0,513566,16496,0,0,0,0,0,0,0,53379,0,0,0,0,2092222,0,0,0,0,0,0,0,0,0,0,0,0,0,0,0,0,0,0,0,10095,0,0,0,0,0,0,0,0,0,0,0,0,0,662,1339711,0,0,0,145176,0,0,0,0,0,0,0,0,0,0,0,0,0,0,0,0,0,0,0,0,0,0,1843,0,0,0,0,0,0,0,0,0,0,0,0,0,0,0,0,0,0,0,0,0,0,0,1025037,570951,0,0,0,345034,0,0,0,3572,1632,0,1482,117547,0,300,0,0,0,0,0,0,0,0,2706445,27767,2220,0,56967,0,0,0,0,0,0,0,0,0,0,0,0,0,0,0,0,0,0,0,0,0,0,0,0,0,0,0,0,0,0,0,0,424902,0,0,424756,0,0,0,0,0,0,0,0,0,0,0,0,0,0,771,0,0,0,0,0,0,0,0,0,0,0,0,0,865,0,0,0,0,310201,0,0,0,0,617,1072,0,0,0,0,0,0,0,0
UTI(-),1,2,C59,0,0,0,0,0,0,129474,0,9445,0,0,0,58735,0,0,59327,0,0,0,35783,0,0,0,0,0,0,0,0,0,0,4861,23687,18376,14285,339638,0,45477,0,0,0,0,0,0,0,0,0,0,0,0,0,0,0,0,0,0,0,0,0,0,16651,0,0,0,0,0,0,585,0,0,0,0,0,0,23972,0,0,0,0,1454,0,0,0,0,0,0,0,0,0,0,0,0,0,31656,0,0,0,0,0,0,0,2081,51465,0,0,4804,727,0,249,470,0,0,0,64965,0,0,0,0,0,0,0,0,356,0,0,0,0,0,0,770,0,0,0,0,0,0,0,100812,95937,1019,0,0,1316583,0,67182,0,50341976,0,0,0,0,0,0,0,0,0,0,0,0,1632,0,0,0,0,0,0,0,0,0,0,0,0,0,0,0,0,0,9682078,0,0,0,3928,5764227,0,0,0,15974,0,0,0,0,0,0,0,0,0,0,0,0,0,0,0,0,0,91574,2203,0,0,0,0,0,0,0,0,2096,0,0,0,0,0,0,0,0,0,0,0,0,2238,863936,59127,299,88559,19567,0,0,0,8147,1333,25426,7926,121,756,69292,132803,0,254472,0,0,0,0,0,0,72236,0,962,0,648041,0,0,5539,0,677,0,0,0,0,0,0,0,0,0,0,0,0,0,0,0,0,0,0,0,0,0,0,0,356,0,0,0,371,0,13187,0,0,0,0,0,599,941,0,2880,208539,0,0,0,0,0,0,0,0,0,0,0,0,0,0,0,0,0,0,0,292,0,0,0,0,271729,0,0,0,0,0,0,0,0,0,0,0,0,0,0
UTI(-),1,2,C69,0,0,0,0,0,2509635,9862947,0,429,0,0,0,156,0,0,4474,0,0,0,2089128,0,0,0,0,0,0,0,0,0,0,878,2262731,1898,52796,0,0,880250,0,0,0,0,0,0,73455,0,0,0,0,0,0,0,0,0,0,0,0,0,0,0,0,0,0,0,0,0,0,0,0,0,0,0,0,0,409683,0,0,0,0,0,0,0,0,0,0,0,0,0,0,0,0,0,0,0,0,0,0,0,0,0,0,1639,41580,0,0,0,1935,0,2645,5315,0,0,0,49534,0,0,0,0,0,0,0,0,0,0,0,0,0,0,563,0,0,0,0,0,0,0,0,392947,1721650,0,0,0,222501,0,0,0,0,0,0,0,0,0,0,0,0,0,0,0,0,0,0,0,0,0,0,0,0,0,0,0,0,0,0,0,0,0,0,0,0,0,0,0,0,0,0,0,0,0,0,0,0,0,0,0,0,0,0,0,0,0,0,0,0,0,1960,0,0,0,0,0,0,0,0,0,0,0,0,0,0,0,0,0,0,0,0,0,0,86029,1788920,8412,1398,352024,0,0,0,0,0,0,116270,807,0,1500,0,287802,0,0,0,0,0,0,0,0,46296,2634,0,0,3936620,0,0,0,0,3506,0,0,0,0,0,0,0,0,0,0,0,0,0,0,0,0,0,0,0,0,0,0,0,0,0,0,0,1753,0,0,0,2159,0,0,0,0,0,0,0,0,0,0,0,0,0,0,0,0,0,0,0,0,0,0,0,0,0,0,0,0,0,0,0,0,538428,0,0,0,0,0,0,0,0,0,0,0,0,0,0
UTI(-),1,2,C72,0,0,0,0,0,12607,160850,29271,1891,0,0,0,17370,0,0,0,0,0,0,97026,0,0,0,0,0,0,0,0,0,0,3216,0,13068,51562,0,0,17490,0,0,0,0,0,0,0,0,0,2457,0,0,0,0,0,0,0,0,0,0,0,0,0,0,0,0,0,0,0,96567,0,0,0,0,0,0,110342,0,0,0,0,0,0,0,0,0,0,0,0,0,0,0,0,0,631,40728,0,0,0,0,0,0,0,4593,887094,0,0,0,3129,22741,28331,22790,0,0,0,0,0,0,0,0,0,0,0,0,18600,0,0,0,0,0,212178,66477,0,0,0,0,0,0,0,675324,127287,0,0,0,933228,0,0,0,0,0,0,0,0,0,0,0,0,0,0,0,0,0,0,0,25432,0,0,0,15022,0,0,0,0,20009,0,0,0,0,0,0,0,0,0,0,0,0,0,0,0,0,0,0,0,0,0,0,0,0,0,0,0,0,0,0,0,0,0,0,0,0,0,0,0,0,0,0,37955,0,0,0,0,0,0,0,0,0,0,0,0,0,427800,344032,0,0,0,0,0,0,0,1579,27922,4864,0,0,24085,15685,0,0,0,0,0,0,0,0,404831,236933,0,0,1266644,0,0,62559,0,6146,0,0,0,0,0,0,0,717,0,0,0,0,0,0,0,34160,0,0,0,0,0,0,0,0,0,0,0,69420,0,21342,1660,0,0,0,0,0,0,0,0,0,0,0,0,0,0,0,0,0,0,0,0,0,0,0,0,0,0,0,0,5266,0,0,0,0,205447,0,0,0,0,0,0,0,0,0,0,0,0,0,0
UTI(-),1,2,C74,0,0,0,0,0,0,0,0,0,0,0,0,0,0,0,0,0,0,0,0,0,0,0,0,0,0,0,0,0,0,0,0,0,0,0,0,0,0,0,0,0,0,0,0,0,0,0,0,0,0,0,0,0,0,0,0,0,0,0,0,0,0,0,0,0,0,0,0,0,0,0,0,0,0,0,0,0,0,0,0,0,0,0,0,0,0,0,0,0,0,0,0,76,0,0,0,0,0,0,0,0,328,0,0,0,0,0,0,0,0,0,0,0,0,0,0,0,0,0,0,0,0,0,0,0,0,0,0,504,0,0,0,0,0,0,0,0,0,0,0,0,1841,0,0,0,0,0,0,0,0,0,0,0,0,0,0,0,0,0,0,0,365,0,0,0,0,0,0,0,0,0,0,0,0,0,0,15075101,0,0,0,672,0,0,0,0,0,0,0,0,0,0,0,0,0,0,0,0,0,0,0,0,0,0,0,0,0,0,0,0,0,0,0,0,0,0,0,0,0,0,0,0,0,0,0,0,0,0,0,0,0,0,0,0,0,0,0,0,0,0,0,0,0,0,0,0,0,0,0,0,0,0,0,0,0,0,0,0,0,0,0,1678,0,0,0,0,0,0,0,0,0,0,0,0,0,0,0,0,0,0,0,0,0,0,0,0,0,0,0,45,0,0,0,0,0,0,0,0,0,0,0,0,0,0,0,0,0,0,0,0,0,0,0,0,0,0,0,0,0,0,0,0,0,0,0,0,0,0,0,0,0,0,0,0,0,0,0,0,0,0,0
UTI(-),1,2,C84,0,0,0,0,1511,7233,3340,0,0,0,0,0,3886,0,0,0,0,0,0,0,0,0,0,0,0,0,0,0,0,0,0,0,0,4464,0,0,0,0,0,0,0,0,0,0,0,0,0,0,0,0,0,0,0,0,0,0,0,0,0,0,8417,0,0,0,0,0,0,0,0,0,0,0,0,0,0,0,0,0,0,0,0,0,0,0,0,0,0,0,0,0,0,0,0,0,0,0,0,0,0,0,0,0,0,0,0,0,0,1793,4543,0,0,0,0,0,0,0,0,0,0,0,0,53813,0,0,0,1557,0,52430,29696,0,1355,0,0,0,0,248,5547,0,0,0,0,14723,0,0,0,0,0,0,0,0,0,0,0,0,0,0,0,0,0,0,0,0,0,0,0,0,0,0,0,0,0,0,0,0,0,0,0,0,0,0,779752,0,0,0,0,0,0,0,0,0,0,0,0,0,0,0,0,0,0,0,0,0,0,0,0,0,0,0,0,0,0,0,0,0,0,0,0,0,0,0,0,0,0,0,0,0,0,4841,0,0,0,0,0,0,0,0,0,0,0,0,0,0,0,0,0,0,0,0,0,0,0,0,10363,0,0,0,0,0,18153,0,0,0,0,0,0,0,0,0,0,0,0,0,0,0,0,0,0,0,0,0,0,0,0,0,0,0,0,0,74547,0,0,0,0,0,0,0,0,0,0,0,860798,0,0,0,0,0,0,0,14459,0,0,0,0,0,0,0,0,0,0,0,11461,0,0,0,0,1313,0,0,2617,2006,0,0,0,0,0,0,0,0,23427,0
UTI(-),1,2,C87,0,0,0,0,0,0,0,0,0,0,0,0,0,0,0,0,0,0,0,0,0,0,0,0,0,0,0,0,0,138,0,0,0,0,0,0,0,0,0,0,0,0,0,0,0,0,0,0,0,0,0,0,0,0,0,95,0,0,0,0,0,0,0,0,0,0,0,0,0,0,0,0,0,0,0,0,0,0,0,0,0,0,0,0,0,0,0,0,0,0,0,0,0,0,0,0,0,0,0,0,0,0,0,0,0,0,0,232,152,0,0,0,0,0,0,0,0,0,0,0,0,822,0,0,0,0,0,394,329,0,0,0,0,0,0,0,0,0,0,0,0,268,0,0,0,0,0,0,0,0,0,0,0,0,0,46,0,0,0,0,0,181,18,0,0,0,0,0,0,0,0,0,0,0,0,11101,1474538,0,0,0,6538,123220,0,0,0,0,0,0,0,0,0,0,0,3,0,0,0,0,0,0,0,0,0,0,0,0,0,0,0,0,0,0,0,0,0,0,0,0,0,0,0,0,0,0,0,0,0,0,0,0,0,0,0,0,0,0,0,0,0,0,0,0,0,0,0,0,0,0,0,0,0,0,327,0,0,0,0,0,0,0,0,0,0,0,0,0,0,0,0,0,0,0,0,0,0,0,0,0,0,0,0,0,0,0,0,0,0,0,471,0,0,0,0,0,0,0,0,0,0,133,357,0,0,0,0,0,0,0,0,0,0,0,0,0,0,0,0,0,0,0,0,0,2364,0,0,0,0,0,0,0,0,0,0,0,0,0,0,0,130,0
UTI(-),1,2,C88,0,0,0,0,0,0,54961,0,14838,0,0,0,6387,1307,0,50607,5768,0,0,19661,219,0,0,0,0,0,0,0,0,27812,0,5686,494,8595,0,0,1195,438,0,0,3278,0,22739,0,0,0,0,0,0,0,0,0,0,0,0,0,0,0,0,24772,18623,0,0,0,0,0,0,0,0,0,0,0,0,15795,0,0,1595,0,0,0,0,0,0,0,0,0,0,0,0,0,0,0,42963,0,0,0,0,0,0,0,0,0,0,0,0,0,1545,1470,2064,0,0,0,27937,0,0,0,0,0,0,0,0,1952,0,0,0,0,0,832,81,0,0,0,0,0,0,0,48993,31728,0,0,0,93576,0,0,0,0,0,0,0,0,0,0,0,0,0,0,0,0,0,0,0,0,0,0,0,0,0,0,0,0,0,0,0,0,0,0,59408728,0,0,0,2771,1783456,0,0,0,0,0,6862,0,21100,0,0,0,0,0,0,0,0,0,0,0,0,0,0,0,0,0,0,0,0,0,0,0,0,0,0,0,0,0,0,0,0,0,0,0,957,0,106356,42193,0,0,0,0,0,0,0,0,0,6906,0,870,248987,1970,0,20574,0,0,0,0,0,0,65157,0,0,0,23527,0,0,0,0,0,0,0,0,0,0,0,0,0,0,0,0,0,0,0,0,0,0,0,0,0,0,0,3659,12711,0,0,0,5355,81,0,0,0,0,0,0,1314,0,0,0,134349,0,0,250,0,369,0,0,0,0,0,0,0,0,0,0,0,0,0,0,0,0,0,0,0,10566,0,0,0,175,0,0,0,0,0,0,0,0,0,0
UTI(+),1,3,C152,0,0,0,0,0,0,10160,0,0,0,0,0,0,0,0,4898,0,0,0,0,0,0,0,0,0,0,0,0,0,0,0,290,0,0,0,0,0,0,0,0,0,0,0,0,0,0,0,0,0,0,0,0,0,0,0,0,0,0,0,0,0,0,0,0,0,0,0,0,0,0,0,0,0,0,0,0,0,0,0,0,0,0,0,0,0,0,0,0,0,0,0,0,0,0,0,0,0,0,0,0,0,0,0,0,0,0,0,0,0,0,0,0,0,0,0,0,0,0,0,0,0,0,0,0,0,0,0,62116892,3892696,0,0,0,0,0,0,0,0,0,0,0,0,11450,0,0,0,0,0,0,0,0,0,0,0,0,0,0,0,0,0,0,0,0,0,0,0,0,0,0,0,0,0,0,0,0,0,0,0,0,0,0,38931,0,0,0,0,0,0,0,0,0,0,0,0,0,0,0,0,0,0,0,0,0,0,1263,0,0,0,0,0,0,0,0,0,0,0,0,0,0,18969,0,0,0,0,0,0,0,642,28589,9653,0,0,0,0,0,0,0,0,0,7607,0,1351,0,23191,0,0,0,0,0,0,0,0,0,0,0,0,2270,0,0,0,0,0,0,0,0,0,0,0,0,0,0,0,0,0,0,0,0,0,0,0,0,0,0,0,0,0,0,0,0,0,0,0,0,0,0,0,0,0,0,0,0,207060,0,0,2162,0,0,0,0,0,0,0,0,0,0,0,0,0,0,0,0,0,0,0,0,0,30014,0,0,0,0,0,0,0,0,0,0,0,0,0,0
UTI(+),1,3,C158,0,0,0,0,0,0,900318,0,4545,0,0,0,2879,0,0,32735,0,0,0,32937,0,0,0,0,0,0,0,0,0,0,1394,4661,854,20874,0,0,3024,0,0,0,0,0,0,0,0,0,0,0,0,0,0,232,122,0,879,1982,0,0,6804,0,0,4574,26326,0,0,0,0,0,0,0,0,0,0,164989,0,0,0,0,0,0,0,0,0,0,0,7425,0,0,0,0,0,1857,0,0,0,0,0,0,0,0,297,6002,0,0,0,2100,13422,937,757,0,0,0,14019,0,0,5033,0,0,92,0,0,225025,0,0,0,0,0,757242,68275,0,381,4250,0,4181,0,0,45298,65821,0,0,9803,19574,0,0,0,0,0,0,0,0,0,0,0,0,0,0,0,0,0,0,0,0,0,0,0,0,0,0,742,0,0,0,0,0,0,0,0,0,0,0,0,0,0,0,0,0,0,0,0,0,0,0,0,0,0,0,0,0,0,0,0,0,0,0,0,0,0,0,0,0,0,0,0,0,0,0,0,0,0,0,0,0,0,618,0,0,0,141080,0,11235,0,0,0,0,0,0,0,0,13946,13431,14891,0,31116,0,78169,0,0,0,0,0,0,0,280,39128,0,131054,0,0,0,0,0,0,0,0,916,0,0,0,0,0,0,0,0,0,3030,0,2628,0,0,0,0,0,0,0,0,0,0,0,66646,0,0,1407,0,0,0,0,0,0,0,0,0,0,0,0,0,0,0,0,0,0,0,0,0,0,379,0,0,1491,0,4339,0,0,0,0,0,11311,1377,0,0,111,0,0,0,0,0,0,0,0,0,0
UTI(+),1,3,PF10,0,0,0,0,0,4648,99264,0,55577,0,0,0,88056,0,0,174062,0,0,0,15980,0,2917,0,0,0,0,0,0,0,0,4922,26100,781380,104355,0,0,754616,15794,0,0,0,0,0,0,0,0,0,0,0,0,0,0,0,0,0,0,0,0,0,0,0,0,0,0,0,0,21987,0,0,0,0,0,0,1904208,0,0,0,0,646061,0,0,3081,0,0,0,0,0,0,0,34537,0,89840,542645,0,0,0,0,0,0,0,6498,241710,0,0,9779,11802,0,6246,3205,0,16799,7627,0,0,0,0,0,0,0,0,0,0,0,0,0,0,0,0,0,0,0,0,0,0,0,0,322860,143137,0,0,0,1373409,22249,3337639,0,0,0,0,0,0,0,0,0,0,0,0,0,0,0,0,15377164,0,3615856,7282,0,0,0,0,0,0,0,0,0,0,0,0,0,0,0,0,0,0,0,0,0,0,0,0,0,0,0,0,0,0,0,0,0,0,0,0,0,0,0,2464878,78428,0,0,0,0,0,0,0,0,15511,58901,0,0,0,0,0,0,0,0,0,12120,15639,20509,826262,2333455,10757,0,87755,0,0,0,0,1108304,14272,1835209,60880,156603,0,681731,0,0,0,0,0,0,0,0,646707,770,0,558,1129676,0,0,21137,12771,0,0,0,0,0,1611,0,0,0,0,0,0,0,0,0,0,0,0,0,0,0,0,0,0,7131,0,0,0,160613,0,0,0,0,0,0,0,0,0,0,0,9973,0,0,2395,0,0,0,153646,0,0,0,0,0,0,0,0,0,0,0,0,0,0,0,0,0,2169327,0,0,0,0,0,0,0,0,801,0,0,0,0,0
UTI(+),1,3,PF1_3,0,0,0,0,0,44621,1453996,0,39,0,0,0,0,0,0,240245,0,0,0,873762,0,0,0,0,0,0,0,0,0,0,0,9148,0,9901,0,0,457,0,0,0,0,0,0,0,0,0,0,0,0,0,0,0,0,0,0,0,0,0,0,0,0,266787,0,0,0,0,313,0,0,0,0,0,1734,137799,0,0,0,0,0,0,0,0,0,0,0,0,0,0,0,0,0,0,0,0,0,0,0,0,0,0,0,0,0,0,0,0,543,492,1487,0,0,0,0,0,0,0,0,0,0,0,0,0,0,0,0,0,0,853504,267845,0,0,0,0,0,0,0,156909,19887,0,0,0,26711,0,0,0,0,0,0,0,0,0,0,0,0,0,0,0,0,0,0,0,0,0,0,0,0,0,0,0,0,0,0,0,0,0,0,0,0,0,0,195306,0,0,0,0,0,0,0,0,0,0,0,0,0,0,0,0,0,0,0,0,0,0,3412,0,0,0,0,0,0,0,0,0,0,0,0,0,0,0,0,0,0,0,0,0,0,22826,430260,23094,0,0,0,0,0,0,0,9383,2087,26832,1142,20630,0,1558,0,3476,0,0,0,0,0,0,109421,0,0,0,1706357,0,0,0,0,0,0,0,0,0,0,0,0,0,0,0,0,0,0,0,0,0,0,0,0,0,0,0,0,0,0,0,0,0,0,0,150,0,0,0,0,1426,0,0,0,2206624,0,0,1473,0,0,0,0,0,0,0,0,0,0,0,0,0,0,0,0,0,0,0,0,0,73891,0,0,0,0,0,0,0,0,0,0,0,0,0,0
UTI(+),1,3,PF13,0,0,0,0,0,0,0,0,0,0,0,0,732,0,0,0,0,0,0,0,0,0,0,0,0,0,0,0,0,0,0,0,606,30348,0,0,738,0,0,0,0,0,0,0,0,0,0,0,0,0,0,0,0,0,0,0,0,0,0,0,0,0,0,0,0,0,0,0,0,0,0,0,0,0,0,0,0,0,0,0,0,0,0,0,0,0,0,0,0,0,0,0,0,0,0,0,0,0,0,0,0,167,0,0,0,0,0,0,0,0,0,0,0,0,0,0,0,0,0,0,0,26716536,0,0,0,0,0,0,0,0,0,0,0,0,0,0,0,0,0,0,0,27567,0,0,0,0,0,0,0,0,0,0,0,0,0,0,0,0,0,0,0,0,0,0,0,0,0,0,0,0,0,0,0,0,0,0,1559,0,0,0,0,0,0,0,0,0,0,0,0,0,0,0,0,0,0,0,0,0,0,0,0,0,0,0,0,0,0,0,0,0,0,0,0,0,0,0,0,0,0,0,0,0,0,0,0,0,0,450,0,0,0,0,0,0,0,0,0,0,0,0,0,0,0,0,0,0,0,0,0,0,0,0,0,2903,0,0,0,0,0,0,0,0,0,0,0,0,0,0,0,0,0,0,0,0,0,0,0,0,0,0,0,0,0,0,0,0,0,0,15574,0,0,0,0,0,0,0,0,0,0,0,0,0,0,0,0,0,0,0,0,0,0,0,0,0,0,0,0,0,0,0,0,0,0,0,0,0,0,0,0,0,0,0,0,0,0,0,0,0,767,0
UTI(+),1,3,PF16,0,0,0,0,0,0,24321568,0,0,0,0,0,0,0,0,0,0,0,0,29317652,0,0,0,0,0,0,0,0,0,0,0,0,0,0,0,0,0,0,0,0,0,0,0,0,0,0,0,0,0,0,0,0,0,0,0,0,0,0,0,0,18119,0,0,0,0,0,0,0,0,0,0,0,0,0,0,0,0,0,0,0,0,0,0,0,0,0,0,0,0,0,0,0,0,0,0,0,0,0,0,0,0,0,0,0,0,0,0,0,0,0,0,0,0,0,0,0,0,0,0,0,0,0,0,0,0,0,0,2359588,784667,0,0,0,0,0,0,0,0,0,0,0,0,0,0,0,0,0,0,0,0,0,0,0,0,0,0,0,0,0,0,0,0,0,0,0,0,0,0,0,0,0,0,0,0,0,0,0,0,0,0,0,0,0,0,0,0,0,0,0,0,0,0,0,0,0,0,0,0,0,0,0,0,0,0,0,0,0,0,0,0,0,0,0,0,0,0,0,0,0,0,0,0,0,0,0,0,0,0,0,0,0,0,0,0,0,0,0,0,0,0,0,0,0,0,0,0,0,0,0,0,0,0,0,0,0,0,0,0,0,0,0,0,0,0,0,0,0,0,0,0,0,0,0,0,0,0,0,0,0,0,0,0,0,0,0,0,0,0,0,0,0,0,0,0,0,0,0,0,0,0,1109,0,0,0,0,0,0,0,0,0,0,0,0,0,0,0,0,0,0,0,0,0,0,0,0,0,0,0,0,0,0,0,0,0,0,0,0,0,0,0,0
UTI(+),1,3,PF18,0,0,0,0,0,0,0,0,0,0,0,0,5484,0,0,0,0,0,0,0,0,0,0,0,0,0,0,0,0,0,0,0,0,0,0,0,0,0,0,0,0,0,0,0,0,0,0,0,0,0,0,0,0,0,0,0,0,0,0,2705,0,0,0,0,0,0,0,0,0,0,0,0,0,0,0,0,0,0,0,0,0,0,0,0,0,0,0,0,0,0,0,0,0,0,0,0,0,0,0,0,0,41197,0,0,0,0,0,0,0,0,0,0,0,0,0,0,0,0,0,0,0,1688,0,0,0,0,0,14313,0,0,0,0,0,0,0,0,0,0,0,0,0,6168,0,1725,0,0,0,0,0,0,0,0,0,0,0,0,0,0,0,0,0,61343396,0,0,0,0,0,0,0,0,0,0,0,0,0,0,0,0,0,339,0,0,0,0,0,0,0,0,0,0,0,0,0,0,0,0,0,0,0,0,0,0,0,0,0,0,0,0,0,0,0,0,0,0,0,0,0,0,0,0,0,0,0,0,0,0,0,80,0,0,0,0,0,0,0,0,0,7302,0,0,0,0,1904,0,0,0,0,0,0,0,0,27456,0,0,0,0,0,487,0,0,0,0,0,0,0,0,0,0,0,0,0,0,0,0,0,0,0,0,0,0,0,0,0,0,0,0,0,0,0,0,0,0,0,0,0,0,0,0,0,0,259,0,0,0,0,0,0,0,0,0,0,0,0,0,0,0,0,0,0,0,0,0,0,0,0,39742,0,0,197,1423,0,0,0,0,0,0,0,0,0,0
UTI(+),1,3,PF19,0,0,0,0,0,0,85052,0,0,0,0,0,7088,0,0,0,0,0,0,48842,0,0,0,0,0,0,0,0,0,336482,0,0,0,0,0,0,0,0,0,0,0,0,0,0,0,0,0,0,0,0,0,0,0,0,0,0,0,0,0,0,0,0,0,0,0,0,0,0,0,0,0,0,0,16136,0,0,0,0,0,0,0,0,0,0,0,0,0,0,0,0,0,0,0,0,0,0,0,0,0,0,0,49903,0,0,0,0,0,0,0,0,0,7463,0,0,0,0,0,0,0,0,0,3359,0,0,0,0,0,6711715,203577,0,0,0,0,0,0,0,4695,1067,0,0,0,50642,0,0,0,0,0,0,0,0,0,0,0,0,0,0,0,0,0,0,0,0,0,0,0,0,0,0,0,0,0,0,0,0,0,0,0,0,0,0,59489,0,0,0,0,0,0,0,0,0,0,0,0,0,0,0,0,0,0,0,0,0,0,0,0,0,0,0,0,0,0,0,0,0,0,0,0,0,0,0,0,0,0,0,0,4783,0,36062,6522,0,0,0,0,0,0,0,0,3093,0,0,0,0,63215,0,0,0,0,0,0,0,0,0,0,1192,0,0,0,0,0,0,0,0,0,0,0,0,0,0,0,0,0,0,0,0,0,0,0,0,0,0,0,0,0,0,832,0,0,0,0,0,0,0,0,0,0,0,0,0,0,0,0,0,0,0,0,0,0,15096,0,0,0,0,0,0,0,0,0,0,0,0,0,0,0,0,0,359326,0,0,0,0,0,0,0,0,0,0,0,0,731,0
UTI(+),1,3,PF20,0,0,0,0,0,0,20853,0,0,0,0,0,0,0,0,104377,0,0,0,606,0,0,0,0,0,0,0,0,0,0,0,2472,0,0,0,0,923,0,0,0,0,0,0,0,0,0,0,0,0,0,0,0,0,0,0,0,0,0,0,0,0,0,0,0,0,0,0,0,0,0,0,0,0,15325,0,0,0,0,1200,0,0,0,0,0,0,0,0,0,0,0,0,0,0,0,0,0,0,0,0,0,0,0,0,0,0,0,0,0,0,0,0,0,0,0,0,0,0,0,0,0,0,0,0,0,0,0,0,19147924,0,0,0,0,0,0,0,0,6157,0,0,0,0,7750,0,0,0,0,0,0,0,0,0,0,0,0,0,0,0,0,0,0,0,0,0,0,0,0,0,0,0,0,0,0,0,0,0,0,0,0,0,0,0,567206,0,0,0,0,0,0,0,0,0,0,0,0,0,0,0,0,0,0,0,0,0,4460,1469,0,0,0,0,0,0,0,0,0,0,0,0,0,6891,0,0,0,0,0,0,0,2109,67408,35745,0,0,0,0,0,0,0,8695,4507,0,3506,0,0,1176,0,0,0,0,0,0,0,0,210396,0,0,0,45539,0,0,0,0,0,0,0,0,0,0,0,0,0,0,0,0,0,0,0,0,0,0,0,0,0,0,0,0,0,0,0,0,0,0,0,0,0,0,0,0,0,0,0,0,0,0,0,0,0,0,0,0,0,0,0,0,0,0,0,0,0,0,0,0,0,0,0,0,0,8520,0,0,0,0,0,0,0,0,0,0,0,0,0,0
UTI(+),1,3,PF21,0,0,0,0,0,587298,0,0,1293430,0,0,0,0,0,0,0,0,0,0,0,0,0,0,0,5958,0,629,0,0,0,160702,6777,3908,26021,0,0,9495,0,0,0,0,0,0,0,0,0,1254,0,0,0,117,1844,21766,0,22025,5938,0,0,0,0,125782,53125,0,0,0,0,0,0,0,0,0,0,0,1641119,0,0,0,0,0,2615,0,0,0,210,0,0,0,3352,0,0,0,2513,16911,0,0,0,0,0,0,0,0,0,0,0,0,0,39941,0,0,0,0,15648,0,0,0,0,898,0,1308,0,0,327,0,0,0,0,0,31196054,4921708,0,0,0,0,52696,0,11847,140034,1123638,0,0,0,1312786,0,0,0,0,0,0,0,0,0,0,0,0,0,0,0,0,0,0,0,0,0,0,0,5611,0,0,0,0,9666,0,0,0,5601,0,0,0,0,0,1502900,0,0,0,0,0,0,0,0,0,0,0,0,0,0,0,0,0,0,0,0,0,0,0,0,0,0,0,0,0,0,0,0,0,0,0,1352,0,7377,0,6904,0,0,0,0,0,0,1352244,0,0,0,59073,0,0,0,0,74838,21020,827673,0,0,0,6821,0,0,0,0,0,0,0,0,0,0,0,0,0,0,0,0,0,0,0,0,0,0,0,0,0,0,0,0,57053,2201,0,1439,0,16892,0,0,0,0,0,0,0,0,0,0,0,65948,0,7304,0,0,0,0,0,0,0,0,0,0,0,0,0,0,0,0,0,0,0,0,779642,0,0,4216,0,0,2283,0,0,5953,0,0,0,0,845019,0,0,0,0,0,0,0,0,0,0,0,0,0,0
UTI(+),1,3,PF22,0,0,0,0,0,7805,8235,0,0,0,0,0,0,0,0,0,0,0,0,2347,0,0,0,0,0,0,0,0,0,0,0,16379,0,0,0,0,0,0,0,0,0,0,0,0,0,0,0,0,0,0,0,0,0,0,0,0,0,0,0,0,0,0,0,0,0,0,0,0,0,0,0,0,0,0,0,0,0,0,0,0,0,0,0,0,0,0,0,0,0,0,0,0,0,0,0,0,0,0,0,0,0,0,0,0,0,0,0,0,0,0,0,0,0,0,0,0,0,0,0,0,0,0,0,0,0,0,0,2638837,258423,0,0,0,0,0,0,0,150,0,0,126,0,0,0,0,0,0,0,0,0,0,0,0,0,0,0,0,0,0,0,0,0,0,0,0,0,0,0,0,0,0,0,0,0,0,0,0,0,0,0,0,0,0,0,0,0,0,0,0,0,0,0,0,0,0,0,0,0,0,0,0,0,0,0,0,0,0,0,0,0,0,0,0,0,0,0,0,0,0,0,0,0,0,0,0,0,0,896,871,0,0,0,0,0,0,0,0,0,0,0,0,0,0,0,0,0,0,0,0,0,0,0,205,0,0,0,16908,0,0,0,0,0,0,0,0,0,0,0,0,0,0,0,0,0,0,0,0,0,0,0,0,0,0,0,0,0,0,0,0,0,0,0,0,0,0,0,0,0,0,0,0,0,0,0,0,0,0,0,0,0,0,0,0,0,0,0,0,0,0,0,0,0,0,0,0,0,81,0,0,0,0,0,0,0,0,0,0,0,0,0,0
UTI(+),1,3,PF26,0,0,0,0,0,0,0,0,0,0,0,0,11790,0,0,0,0,0,0,30842,0,0,0,0,0,0,0,0,0,0,0,0,1992,0,0,0,1070,0,0,0,0,0,0,0,0,0,0,0,0,0,0,0,0,0,0,0,0,0,0,0,70167,0,0,0,0,0,0,0,0,0,0,0,0,6680,0,0,0,0,0,0,0,0,0,0,0,0,0,0,0,0,0,0,3299,0,0,0,0,0,0,0,0,0,0,0,0,0,0,0,0,0,0,0,0,0,0,0,0,0,0,0,0,0,0,0,0,0,0,37827991,1794187,0,0,0,0,0,0,0,111,13978,0,0,0,42964,0,0,0,0,0,0,0,0,0,0,0,0,0,0,0,0,0,0,0,0,0,0,0,0,0,0,0,0,0,0,0,0,0,0,0,0,0,0,39378,0,293617,0,0,0,0,0,0,0,262,0,0,0,0,0,0,0,0,0,0,0,0,0,0,0,0,0,0,0,0,0,0,0,0,0,0,0,0,0,0,0,0,0,0,0,0,31506,1188,0,0,0,0,0,0,0,0,1213,881,0,0,0,107,0,0,0,0,0,0,0,0,95370,0,0,0,167696,0,0,0,0,0,0,0,0,0,0,0,0,0,0,0,0,0,0,0,0,0,0,0,0,0,0,0,0,0,0,0,0,0,0,0,0,0,0,0,0,0,0,0,0,0,0,0,0,0,0,0,0,0,0,0,3832,0,0,0,0,0,0,0,0,0,0,0,0,0,8577,0,0,0,0,0,0,0,0,0,0,0,0,0,0
UTI(+),1,3,PF27,0,0,0,0,0,0,24849,0,0,0,0,0,0,0,0,0,0,0,0,3457,0,0,0,0,0,0,0,0,0,4498,0,4745,59,2699,0,0,190,0,0,0,0,0,0,0,0,0,0,0,0,0,0,0,0,0,0,0,0,0,0,0,0,0,0,0,0,0,0,0,0,0,0,0,0,48019,0,0,0,0,1453,0,0,0,0,0,0,0,0,0,0,0,0,0,0,0,0,0,0,0,0,0,0,4801,0,0,0,0,0,0,0,0,0,0,5729,0,0,0,0,0,0,0,0,0,0,0,0,0,0,0,0,0,0,0,0,0,0,0,310,4370,0,0,0,126009,0,0,0,0,0,0,0,0,0,0,0,0,0,0,0,0,0,0,0,0,0,0,0,0,0,0,0,0,0,0,0,0,0,0,2563613,0,0,0,0,3707849,0,0,0,0,0,0,0,0,0,0,0,0,0,0,0,0,0,0,0,0,0,15667,0,0,0,0,0,0,0,0,0,0,0,0,0,0,0,0,0,0,0,0,0,0,0,147932,26722,0,0,0,0,0,0,0,516,677,169,12140,0,4986,12491,0,0,0,0,0,0,0,0,250392,0,0,0,369194,0,0,0,0,0,0,0,0,0,0,0,0,0,0,0,0,0,0,0,0,0,0,0,0,0,0,0,0,0,0,0,0,9170741,0,0,0,0,0,0,0,0,0,0,0,332230,0,0,0,0,0,0,0,0,0,0,0,0,0,0,0,0,0,0,0,0,0,0,0,0,47785,555,0,0,330,0,0,0,0,0,0,0,0,0,0
UTI(+),1,3,PF32_2,0,0,0,0,0,0,35215,0,6393,0,0,0,349,0,0,0,0,0,0,10591,0,0,0,0,0,0,0,0,0,0,0,13125,2498,2187,0,0,1366,0,0,0,0,0,0,0,0,0,0,0,0,0,0,0,0,0,0,0,0,0,0,0,0,0,0,0,0,0,58830,0,0,0,0,0,0,17775,0,0,0,0,0,0,0,0,2317,0,0,0,0,0,0,80,0,876,0,0,0,0,0,0,0,0,0,0,0,0,0,0,2384,0,0,0,0,0,2650,0,0,0,0,0,0,0,0,0,0,0,0,0,0,0,0,0,0,0,0,0,0,0,14280,46735,0,0,0,5803,0,0,0,0,0,0,0,0,0,0,0,0,0,0,0,0,0,0,0,0,0,0,0,0,0,0,0,0,0,0,0,0,0,0,0,0,0,0,0,0,0,0,0,0,0,0,0,0,0,0,0,0,0,0,0,0,0,0,0,0,0,697,0,0,0,0,0,0,0,0,0,0,0,0,0,0,0,0,0,0,0,0,0,0,517,47775,4378,0,63690,0,0,0,0,0,275,631,8411,0,4321,0,7182,0,132827,0,0,0,0,0,0,2130,0,0,0,277802,0,0,0,0,0,0,0,0,0,0,0,0,0,0,0,0,0,0,0,0,615,0,0,0,0,0,0,0,0,0,0,0,0,0,0,0,0,0,0,0,1999,0,0,0,0,0,0,0,0,0,0,0,0,0,0,0,0,0,0,0,0,0,26,0,569,0,0,0,0,51453,0,0,0,0,0,0,0,0,0,0,0,0,0,0
UTI(+),1,3,PF33,0,0,0,0,0,1145317,0,0,9557,0,0,0,40545,0,0,0,0,0,0,0,0,0,0,0,0,0,0,0,0,0,12455,11767,14503,32907,0,0,37187,0,0,0,0,0,0,0,0,0,0,0,0,0,0,0,0,0,0,0,0,0,0,0,0,0,0,0,0,0,0,0,2468,0,0,0,0,34552,0,0,0,0,0,0,0,0,0,0,0,0,0,0,0,0,0,0,65735,0,0,0,0,0,0,0,940,139864,397994,0,17603,10833,0,0,1153,0,0,2305,0,0,0,0,0,0,0,0,0,32482,8505,0,0,0,0,41323832,8296831,0,0,0,0,0,0,0,94748,45665,0,0,0,978656,0,21252,0,0,0,0,0,0,0,0,0,0,0,0,0,0,0,0,0,0,0,0,0,0,0,0,0,0,0,0,0,0,0,0,0,0,0,0,0,0,0,0,0,0,0,0,0,0,0,0,0,0,0,0,0,0,0,0,0,0,0,21045,0,0,0,0,0,0,0,0,0,0,0,0,0,0,4963,0,0,0,0,0,0,0,0,717819,0,0,0,0,0,0,0,0,0,6687,0,0,0,0,10961,0,0,0,0,0,0,0,0,142544,470,48244,0,383294,0,0,2798,0,0,0,0,0,0,0,0,0,0,0,0,0,0,0,0,0,0,0,0,0,0,0,0,0,599,0,0,0,30663,0,72646,0,0,0,0,0,0,0,0,0,307593,0,0,0,0,0,0,0,0,0,0,0,0,0,0,0,0,0,0,0,0,0,0,0,0,372915,97003,0,0,0,0,0,0,0,0,0,0,0,0,0
UTI(+),1,3,PF34,0,0,0,0,0,0,72425,0,1391,0,0,0,0,0,0,0,0,0,0,784024,0,0,0,0,0,0,0,0,0,598147,0,0,0,2570,0,0,0,0,0,0,0,0,0,0,0,0,0,0,0,0,0,0,0,0,0,0,0,0,0,22050,0,4877,0,0,0,0,0,0,0,0,0,0,0,4131,0,0,2941,0,0,0,0,0,0,0,0,0,0,0,0,0,0,0,0,0,0,0,0,0,0,0,0,0,0,0,0,0,749,0,0,0,0,0,0,0,0,0,0,0,0,0,0,918066,0,0,0,0,0,29517012,2463943,0,0,0,0,0,0,0,1592,32283,0,0,0,0,0,0,0,0,0,0,0,0,0,0,0,0,0,0,0,0,0,0,0,0,0,0,0,0,0,0,0,0,0,0,0,0,0,0,0,0,0,0,336,0,0,0,0,0,0,0,0,0,0,0,0,0,0,0,0,0,0,0,0,0,0,0,0,0,0,0,0,0,0,0,0,0,0,0,0,0,4221,0,0,0,0,0,0,0,0,19376,2490,0,0,0,0,0,0,0,0,0,2633,0,0,0,0,0,0,0,0,0,0,0,0,0,0,0,0,7919,0,0,0,0,0,0,0,0,0,0,0,0,0,0,0,0,0,0,0,0,0,0,0,0,0,42532,0,0,0,0,0,0,0,0,0,0,0,0,0,0,0,0,0,0,1370,0,0,0,0,0,0,0,0,0,0,0,0,0,0,0,0,0,0,0,0,0,0,0,0,3760,0,0,0,0,0,0,0,0,0,0,0,0,0,0
UTI(+),1,3,PF35,0,0,0,0,0,0,0,0,0,0,0,0,0,0,0,0,0,0,0,0,0,0,0,0,0,0,0,0,0,0,0,0,0,0,0,0,0,0,0,0,0,0,0,972129,0,0,0,0,0,0,0,0,0,0,0,0,0,0,0,0,0,0,0,0,0,0,0,0,0,0,0,0,0,0,0,0,0,0,0,0,0,0,0,0,0,0,0,0,0,0,0,0,0,0,0,0,0,0,0,0,0,0,0,0,0,0,0,0,0,0,0,0,0,0,0,0,0,0,0,0,0,0,0,0,0,0,0,0,0,0,0,0,0,0,0,0,0,0,0,0,0,0,0,0,0,0,0,0,0,0,0,0,0,0,0,0,0,0,0,0,0,56535814,0,0,0,0,0,0,0,0,0,0,0,0,0,0,0,0,0,0,127,0,0,82569,0,0,0,0,841,0,0,0,0,0,0,0,0,0,0,0,0,0,0,0,0,0,0,0,0,0,0,0,0,0,0,0,0,0,0,0,0,0,0,0,0,0,0,0,0,0,0,0,0,0,0,0,0,0,0,0,0,0,0,0,0,0,0,0,0,0,0,0,0,0,0,0,0,0,0,0,0,0,0,0,0,0,0,0,0,0,0,0,0,0,0,0,0,0,0,0,0,0,0,0,0,0,0,0,0,0,0,0,0,0,0,0,0,0,0,0,0,0,0,0,0,0,0,0,0,0,0,0,0,0,0,0,0,0,0,0,0,0,0,0,0,0,0,0,0,0,0,0,0,0,0,0,0,0,0,0
UTI(+),1,3,PF36,0,0,0,0,0,0,0,0,0,0,0,0,0,0,0,0,0,0,0,0,0,0,0,0,0,0,0,0,0,0,0,0,0,1241,0,0,0,0,0,0,0,0,0,0,0,0,0,0,0,0,0,0,0,0,0,0,0,0,0,0,0,0,0,0,0,0,0,0,0,0,0,0,0,0,0,0,0,0,0,0,0,0,0,0,0,0,0,0,0,0,0,0,0,0,0,0,0,0,0,0,0,3418,0,0,0,0,0,0,0,0,0,0,0,0,0,0,0,0,0,0,0,0,0,0,0,0,0,13901102,1885222,0,0,0,0,0,0,0,16102,14502,0,0,0,5095,0,0,0,0,0,0,0,0,0,0,0,0,0,0,0,0,0,0,0,0,0,0,0,0,0,0,0,0,0,0,0,0,0,0,0,0,0,0,0,0,0,0,0,0,0,0,0,0,0,0,0,0,0,0,0,0,0,0,0,0,0,0,0,0,0,0,0,0,0,0,0,0,0,0,0,0,0,0,0,0,0,0,0,0,0,1406,0,0,0,0,0,0,0,0,0,0,0,0,0,0,0,0,0,0,0,0,0,0,0,0,0,0,0,0,0,0,0,0,0,0,0,0,0,0,0,0,0,0,0,0,0,0,0,0,0,0,0,0,0,0,0,0,0,0,0,0,0,0,0,0,0,0,0,0,0,0,0,0,0,0,0,0,0,0,0,0,0,0,0,0,0,0,0,0,0,0,0,0,0,0,0,0,0,0,0,0,0,0,0,0,0,0,0,0,0,0,0,0
UTI(+),1,3,PF38,0,0,0,0,0,0,0,0,0,0,0,0,0,0,0,0,0,0,0,0,0,0,0,0,0,0,0,0,0,0,0,0,0,0,0,0,0,0,0,0,0,0,0,0,0,0,0,0,0,0,0,0,0,0,0,0,0,0,0,0,0,0,0,0,0,0,0,0,0,0,0,0,0,0,0,0,0,0,0,0,0,0,0,0,0,0,0,0,0,0,0,0,0,0,0,0,0,0,0,0,0,0,0,0,0,0,0,0,0,0,0,0,0,0,0,0,0,0,0,0,0,0,0,0,0,0,0,19421836,2323603,0,0,0,0,0,0,0,0,0,0,0,0,417,0,0,0,0,0,0,0,0,0,0,0,0,0,0,0,0,0,0,0,0,0,0,0,0,0,0,0,0,0,0,0,0,0,0,0,0,0,0,0,0,0,0,0,0,0,0,0,0,0,0,0,0,0,0,0,0,0,0,0,0,0,0,0,0,0,0,0,0,0,0,0,0,0,0,0,0,0,0,0,0,0,0,0,0,0,634,0,0,0,0,0,0,0,0,0,0,0,0,0,0,0,0,0,0,0,0,0,0,0,0,0,0,0,0,0,0,0,0,0,0,0,0,0,0,0,0,0,0,0,0,0,0,0,0,0,0,0,0,0,0,0,0,0,0,0,0,0,0,0,0,0,0,0,0,0,0,0,0,58287,0,0,0,0,0,0,0,0,0,0,0,0,0,0,0,0,0,0,0,0,0,0,0,0,0,0,0,0,0,0,0,0,0,0,0,0,0,0,0
UTI(+),1,3,PF42_2,0,0,0,0,0,0,1045723,0,0,0,0,0,23227,0,0,1519784,0,0,0,640967,0,0,0,0,0,0,0,0,0,0,5397,353389,447,58816,0,0,1818,0,0,0,0,0,0,0,0,0,0,0,0,0,0,0,0,0,0,0,0,0,0,0,0,0,0,0,0,0,0,0,0,0,0,0,0,67849,0,0,0,0,0,0,0,0,0,0,0,0,0,0,0,0,0,0,0,0,0,0,0,0,0,0,0,10843,0,0,0,1193,0,0,0,0,0,0,0,0,0,0,0,0,0,0,0,291,0,0,0,0,0,27164898,0,0,0,0,0,0,0,0,13804,7641,0,327,0,635265,0,0,0,29420296,0,0,0,0,0,0,0,0,0,0,0,0,0,0,0,0,0,0,0,0,0,0,0,0,0,0,0,0,0,0,0,0,0,0,988263,0,0,0,0,0,0,0,6476,0,1548,0,0,0,0,0,0,0,0,0,0,0,0,0,0,0,0,0,0,0,0,0,0,0,0,0,0,0,3586,0,0,0,0,0,0,0,141385,844222,0,0,0,76107,0,0,0,0,149,589,0,0,0,0,0,0,16730,0,0,0,0,0,0,699691,0,0,0,5782413,0,0,5162,0,0,0,0,0,0,0,0,0,0,0,0,0,0,0,0,0,0,0,0,0,0,0,0,0,0,0,0,0,0,0,0,0,0,0,0,0,0,0,0,0,57162,0,0,156,0,0,0,0,0,0,0,0,0,0,0,0,0,0,0,0,0,0,0,0,0,377383,0,0,0,0,0,0,0,0,0,0,0,0,0,0
UTI(+),1,3,PF49,0,0,0,0,0,0,0,0,0,0,0,0,0,0,0,0,0,0,0,0,0,0,0,0,0,0,0,0,0,0,0,0,0,0,0,0,0,0,0,0,0,0,0,0,0,0,0,0,0,0,0,0,0,0,0,0,0,0,0,0,0,0,0,0,0,0,0,0,0,0,0,0,0,0,0,0,0,0,0,0,0,0,0,0,0,0,0,0,0,0,0,0,0,0,0,0,0,0,0,0,0,0,0,0,0,0,0,0,0,0,0,0,0,0,0,0,0,0,0,0,0,0,0,0,0,0,0,3697157,1422710,0,0,0,0,0,0,0,0,0,0,0,0,0,0,0,0,0,0,0,0,0,0,0,0,0,0,0,0,0,0,0,0,0,0,0,0,0,0,0,0,0,0,0,0,0,0,0,0,0,0,0,0,0,0,0,0,0,0,0,0,0,0,0,0,0,0,0,0,0,0,0,0,0,0,0,0,0,0,0,0,0,0,0,0,0,0,0,0,0,0,0,0,0,0,0,0,0,3028,5424,0,0,0,0,0,0,0,0,0,0,0,0,0,5691,0,0,0,0,0,0,0,0,0,0,0,0,0,2345,0,0,0,0,0,0,0,0,0,0,0,0,0,0,0,0,0,0,0,0,0,0,0,0,0,0,0,0,0,0,0,0,0,0,0,0,0,0,0,0,0,0,0,0,4266,0,0,0,0,0,0,0,0,0,0,0,0,0,0,0,0,0,0,0,0,0,0,0,0,19637,0,0,0,0,0,0,0,0,0,0,0,0,0,0
UTI(+),1,3,PF51,0,0,0,0,0,0,0,0,242,0,0,0,0,0,0,94,0,0,0,0,0,0,0,0,0,0,0,0,0,0,33997,4813,8037,16265,0,0,1955,0,0,0,0,0,0,0,0,0,0,0,0,0,0,0,0,0,0,0,0,0,0,0,0,0,0,0,0,0,520,1094,0,0,0,0,0,1469,0,0,0,0,0,0,0,0,0,0,0,0,0,0,0,1105,0,0,32836,0,0,0,3371,0,0,0,2187,0,0,0,0,4221,0,0,0,0,0,0,104,0,0,0,0,0,0,0,0,0,0,0,0,0,0,0,0,0,0,0,0,0,0,0,0,0,0,0,0,77035,0,0,0,0,0,0,0,0,0,0,0,0,0,0,0,0,350,0,0,0,0,0,0,0,0,0,0,0,0,0,0,0,0,0,0,0,0,0,0,0,0,0,0,0,0,0,0,0,0,0,0,0,0,0,0,0,0,0,0,0,0,497,500,0,0,0,0,0,0,0,0,0,0,0,0,0,0,0,0,0,0,0,0,0,0,55079,4560,0,0,0,0,0,0,0,4261,970,6839,0,0,0,873,0,0,0,0,0,0,0,0,12819,0,0,0,0,0,0,0,0,0,0,0,0,0,0,0,0,0,0,0,0,0,0,0,0,0,0,0,0,0,0,0,0,0,0,0,1591,2913,0,3239,0,0,0,3728,0,0,0,0,0,1006,0,0,0,0,0,0,0,0,0,0,0,0,0,0,0,0,0,0,0,0,0,0,0,0,3681,0,0,0,0,0,0,0,0,0,0,0,0,3332,0
UTI(+),1,3,PF54,0,0,0,0,0,0,0,0,0,0,0,0,0,0,0,0,0,0,0,0,0,0,0,0,0,0,0,0,0,1124,264,0,0,608,0,0,0,0,0,0,0,0,0,0,0,0,0,0,0,0,0,0,0,0,0,0,0,0,0,0,82037,0,0,0,0,0,0,0,0,0,0,0,0,0,0,0,0,0,0,0,0,0,0,0,0,0,0,0,0,0,0,0,0,0,0,0,0,0,0,0,0,0,0,0,0,0,0,0,0,0,0,0,0,0,0,0,0,0,0,0,0,472136,0,0,0,0,0,1307966,0,0,0,0,0,0,0,0,0,0,0,0,0,2433,0,0,0,0,0,0,0,0,0,0,0,0,0,0,0,0,0,0,0,272957,0,0,0,0,0,0,0,0,0,0,0,0,0,0,0,0,0,0,0,0,0,0,0,0,28248,0,0,0,0,0,0,0,0,0,0,0,0,0,0,0,0,0,0,0,0,0,0,0,0,0,0,0,0,0,0,0,0,0,0,0,0,0,0,0,0,0,0,0,0,0,0,0,0,0,0,0,0,0,0,0,0,0,0,0,0,0,0,0,0,0,0,0,0,0,0,0,0,0,0,0,0,0,0,0,0,0,0,0,0,0,0,0,0,0,0,0,0,0,0,0,0,0,0,0,0,0,30626,0,0,0,0,0,0,0,0,0,0,24411924,17062,0,0,0,0,0,0,0,0,0,0,0,0,0,0,0,0,0,0,0,0,0,0,0,0,0,60,0,0,0,0,0,0,0,0,0,0,0,0,0
UTI(+),1,3,PF5,0,0,0,0,0,0,31696,10578,0,0,0,0,58188,0,0,0,0,0,0,0,0,0,0,0,0,0,0,0,0,0,1788,0,107,6777,0,0,1514,0,0,0,0,124176,0,0,0,0,0,0,0,0,0,0,0,0,0,0,0,0,0,0,0,0,0,0,0,0,0,0,0,0,0,0,0,3921,0,0,0,0,0,0,0,0,0,0,0,0,0,0,0,0,0,2371,0,0,0,0,0,0,0,0,1516,10208,0,0,0,11870,0,0,0,0,0,0,0,0,0,0,0,0,0,0,0,1781,0,0,0,0,0,11842214,3328457,0,0,0,0,0,0,0,418,0,0,678,0,49906,0,0,0,0,0,0,0,0,0,0,0,0,0,0,0,0,0,0,0,0,0,0,0,0,0,0,0,0,0,0,0,0,0,0,0,0,0,34502,3035495,0,0,0,0,0,0,0,0,0,0,0,0,0,0,0,0,0,0,0,0,0,0,926,0,0,0,0,0,0,0,0,0,0,0,0,0,0,5786,0,0,0,0,0,0,0,0,66076,1161,0,0,0,0,0,0,49900,0,506,0,0,1767,0,1662,0,0,0,0,0,0,0,0,58519,0,3783,0,15653,0,0,0,0,0,0,0,0,0,0,0,0,0,0,0,0,0,0,0,0,0,0,0,0,0,0,0,0,0,0,0,0,5788,0,0,0,0,0,0,0,0,0,0,0,214872,0,0,0,0,0,0,1110,0,0,0,0,0,0,0,0,0,0,0,0,0,0,0,0,0,4357,0,0,73049,1117,0,0,0,0,0,0,0,0,0,0
UTI(+),1,3,PF8,0,0,0,0,0,0,5884280,0,0,0,0,0,4751597,0,0,0,0,0,0,0,0,0,0,0,0,0,0,0,0,0,6638,0,48,85222,0,0,0,0,0,0,0,0,0,0,0,0,0,0,0,2309,0,0,0,0,0,0,0,0,0,0,0,0,0,0,0,0,0,0,0,0,0,0,0,127482,0,0,0,0,0,0,0,0,0,0,0,0,0,0,0,0,0,0,18699,0,0,0,0,0,0,0,2578,109,0,0,11170,4338,0,4472,3060,0,0,0,0,0,0,0,0,0,0,0,0,108527,0,0,0,0,0,20050,9554,0,0,0,0,0,0,0,0,0,0,0,0,6391521,0,0,0,0,0,0,0,0,0,0,0,0,0,0,0,0,0,0,0,0,0,0,0,0,0,0,0,0,0,0,0,0,0,0,0,0,0,0,0,0,0,0,0,0,0,0,0,0,0,0,0,0,0,0,0,0,0,0,0,0,0,0,0,0,0,0,0,0,0,0,0,0,0,0,0,0,0,0,0,0,0,0,0,0,0,5331169,0,16112,0,0,0,0,0,0,0,0,0,0,0,0,61,0,0,0,0,0,0,0,0,0,23053,11141,0,0,0,0,3431,0,0,0,661,0,0,0,0,0,2230,0,0,0,0,0,0,0,0,0,0,0,0,0,0,0,0,0,0,0,136982,0,0,9151,11400,0,0,0,0,0,0,0,8416922,0,0,0,0,0,0,0,0,0,0,0,0,0,0,0,0,0,0,0,0,0,0,0,0,31693,0,0,0,0,0,0,0,0,0,0,0,0,0,0